Date,PM 2.5,T,TM,Tm,SLP,H,PP,VV,V,VM
2020-10-01,142,30.5,37.0,21.9,1004.0,53,0,3.2,8.5,16.5
2020-10-02,154,29.9,36.7,20.6,1004.9,58,0,3.4,4.8,16.5
2020-10-03,153,29.5,36.4,20.3,1006.3,54,0,3.5,4.8,7.6
2020-10-07,162,29.3,36.4,18.6,1009.1,56,0,3.4,4.3,16.5
2020-10-08,158,28.9,36.0,19.1,1008.9,58,0,2.9,4.3,9.4
2020-10-09,164,28.9,35.6,19.2,1009.0,58,0,2.7,2.0,7.6
2020-10-13,182,29.3,35.4,19.8,1005.6,66,0,2.3,1.3,7.6
2020-10-14,180,30.0,35.4,23.7,1007.3,65,0,1.9,1.1,5.4
2020-10-15,185,28.1,35.0,20.2,1007.5,54,0,2.9,1.3,7.6
2020-10-19,177,25.4,34.7,16.0,1007.1,52,0,2.4,3.3,13.0
2020-10-20,166,25.7,34.0,13.7,1008.4,49,0,2.9,3.0,9.4
2020-10-21,156,26.6,35.0,14.3,1008.1,48,0,2.9,2.6,9.4
2020-10-25,217,25.8,33.2,13.8,1011.0,60,0,2.3,0.2,3.5
2020-10-26,226,24.9,33.9,15.0,1011.6,57,0,1.8,2.4,9.4
2020-10-27,229,24.2,32.8,14.4,1012.1,54,0,1.8,5.0,16.5
2020-10-31,317,23.3,31.4,13.0,1013.3,53,0,1.8,7.6,16.5
2020-11-01,302,22.1,31.0,11.4,1013.8,52,0.0,1.6,8.1,16.5
2020-11-02,201,19.1,30.6,10.8,1014.0,61,0.0,2.1,4.8,13.0
2020-11-03,176,19.7,30.2,10.0,1013.8,62,0.0,1.9,2.6,11.1
2020-11-07,338,19.4,30.9,11.8,1017.8,70,0.0,0.5,2.2,14.8
2020-11-08,337,18.4,30.0,11.2,1018.2,74,0.0,0.5,0.9,3.5
2020-11-09,519,18.7,29.6,10.0,1016.3,75,0.0,0.3,2.0,5.4
2020-11-13,225,21.7,30.0,12.3,1016.7,62,0.0,1.9,2.2,9.4
2020-11-14,393,20.7,29.7,10.7,1014.8,70,0.0,0.6,1.5,3.5
2020-11-15,340,21.4,29.0,11.4,1014.5,66,0.51,1.0,6.9,11.1
2020-11-19,190,17.6,25.4,9.4,1014.2,68,0.0,1.8,2.2,9.4
2020-11-20,215,16.6,25.6,7.5,1015.4,68,0.0,1.8,5.0,14.8
2020-11-21,187,15.6,25.4,8.5,1016.0,68,0.0,1.9,4.6,11.1
2020-11-25,326,17.5,25.3,10.4,1016.7,78,0.0,0.5,3.3,5.4
2020-11-26,176,18.6,25.0,10.4,1019.2,72,0.0,1.6,4.8,9.4
2020-11-27,155,18.4,26.8,10.2,1020.5,69,0.0,2.1,5.9,14.8
2020-12-01,271,17.1,26.8,8.1,1017.4,74,0,1.0,1.3,7.6
2020-12-02,261,16.7,27.2,8.2,1014.8,77,0,1.4,3.1,9.4
2020-12-03,228,16.7,27.0,8.2,1014.4,78,0,1.0,2.6,7.6
2020-12-07,341,18.3,28.2,12.0,1016.9,84,0,0.5,3.1,9.4
2020-12-08,250,17.7,27.2,9.5,1016.9,78,0,1.0,0.9,3.5
2020-12-09,237,18.2,28.6,9.6,1014.7,74,0,1.4,1.1,9.4
2020-12-13,189,14.4,21.8,10.0,1015.8,83,0,1.3,5.0,11.1
2020-12-14,165,10.6,20.6,8.0,1018.3,87,0,1.3,2.6,7.6
2020-12-15,189,10.9,19.4,4.1,1020.0,85,0,1.1,4.4,9.4
2020-12-19,228,14.1,22.0,3.9,1019.4,59,0,1.8,8.7,16.5
2020-12-20,236,12.9,21.8,3.4,1019.5,70,0,1.3,5.4,14.8
2020-12-21,239,13.9,23.2,5.5,1017.2,69,0,1.0,4.1,13.0
2020-12-25,275,13.0,23.1,4.6,1017.0,74,0,1.1,3.5,9.4
2020-12-26,259,13.3,22.4,4.4,1016.5,72,0,1.1,5.2,9.4
2020-12-27,311,15.0,21.9,6.0,1013.5,68,0,1.0,5.4,11.1
2020-12-31,298,10.7,17.0,3.3,1018.7,82,0,0.5,4.8,9.4
2020-07-01,131,34.2,38.0,28.8,997.9,69,0.0,3.2,5.2,9.4
2020-07-02,142,36.0,40.0,30.0,995.7,64,0.0,2.6,7.0,11.1
2020-07-03,144,36.2,42.0,30.4,995.9,63,0.0,2.7,10.7,25.9
2020-07-07,56,30.9,36.2,26.4,1000.6,77,0.51,3.5,11.9,18.3
2020-07-08,69,31.6,36.0,26.9,1000.4,79,0.0,2.3,9.8,18.3
2020-07-09,85,33.1,38.0,27.4,996.0,68,0.0,3.1,7.8,11.1
2020-07-13,83,32.4,37.0,26.2,997.2,64,0.0,3.5,8.1,11.1
2020-07-14,103,33.9,38.2,27.6,998.5,69,0.0,2.3,7.2,14.8
2020-07-15,105,32.7,38.5,28.8,999.2,73,0.0,1.9,8.3,14.8
2020-07-19,69,29.6,36.4,23.4,998.1,85,70.1,1.8,7.0,13.0
2020-07-20,60,28.8,35.2,24.8,997.5,81,2.03,2.7,5.2,7.6
2020-07-21,67,26.3,32.6,23.5,1000.9,93,2.03,2.1,6.7,22.2
2020-07-25,82,31.7,35.4,25.9,1004.8,80,1.02,2.6,5.2,9.4
2020-07-26,97,32.7,36.0,26.8,1003.2,74,0.0,3.2,6.1,16.5
2020-07-27,86,34.1,38.0,28.2,1000.8,69,0.51,3.7,10.4,18.3
2020-07-31,102,31.5,34.0,27.3,1000.7,79,0.76,2.4,5.7,9.4
2020-08-01,94,30.7,36.2,26.8,1000.3,80,0.0,2.1,6.9,14.8
2020-08-02,67,33.0,37.0,26.2,997.5,69,7.11,3.4,8.5,22.2
2020-08-03,69,33.5,37.0,28.4,993.0,70,0.0,3.5,11.1,18.3
2020-08-07,72,33.1,37.5,27.6,1000.1,70,0.25,2.9,10.2,16.5
2020-08-08,121,33.9,37.4,28.1,997.4,69,0.0,3.2,5.0,9.4
2020-08-09,86,31.3,37.6,26.2,997.9,81,1.02,2.7,4.8,11.1
2020-08-13,46,26.8,29.0,25.0,996.6,97,68.07,1.9,5.9,13.0
2020-08-14,61,29.7,32.0,25.4,995.9,86,16.0,2.7,7.4,9.4
2020-08-15,83,31.7,35.0,26.4,996.7,79,0.0,2.9,6.9,13.0
2020-08-19,61,26.6,35.0,25.0,998.9,98,7.87,1.9,6.9,18.3
2020-08-20,58,26.2,29.0,24.1,1001.2,97,55.12,2.1,5.4,11.1
2020-08-21,58,30.7,35.0,24.2,1002.0,76,7.87,3.7,7.8,14.8
2020-08-25,53,30.0,33.0,25.8,1003.1,78,0.0,3.2,6.3,14.8
2020-08-26,51,31.3,34.0,26.5,1004.2,71,0.0,3.4,8.1,14.8
2020-08-27,56,31.8,35.0,26.2,1002.4,67,0.0,3.7,8.7,13.0
2020-08-31,45,29.4,33.0,25.5,1003.1,75,0.51,3.5,10.6,14.8
2020-09-01,53,30.9,35.0,24.8,1004.6,67,0.0,3.9,9.8,13.0
2020-09-02,58,31.3,35.0,25.3,1005.9,72,0.0,3.5,3.9,11.1
2020-09-03,91,32.0,35.0,27.5,1006.7,72,0.0,2.7,8.3,18.3
2020-09-07,118,29.7,35.5,25.8,1003.2,80,0.0,2.9,3.3,18.3
2020-09-08,86,31.3,35.2,25.1,1003.5,71,1.02,2.9,4.1,11.1
2020-09-09,132,31.5,35.4,26.1,1003.3,72,0.0,2.9,3.1,5.4
2020-09-13,149,32.8,37.3,26.6,1003.6,67,0.0,2.7,2.4,11.1
2020-09-14,152,32.7,37.0,27.5,1002.8,70,0.0,2.9,2.0,7.6
2020-09-15,147,32.7,37.2,26.0,1002.6,66,0.0,2.9,3.9,9.4
2020-09-19,136,33.3,38.0,28.0,1000.7,63,0.0,3.2,3.7,9.4
2020-09-20,146,32.9,37.3,26.6,1000.2,64,0.0,3.2,4.3,9.4
2020-09-21,146,32.9,37.0,26.6,999.6,66,0.0,2.7,3.5,9.4
2020-09-25,128,32.1,37.2,25.4,1001.4,58,0.0,3.5,6.3,14.8
2020-09-26,129,30.3,37.4,24.3,1002.7,62,0.0,3.2,8.5,18.3
2020-09-27,94,31.1,36.0,23.2,1005.4,56,0.0,4.0,6.1,16.5
2020-04-01,89,25.6,32.6,17.4,1009.9,56,0.0,2.3,6.3,9.4
2020-04-02,76,24.8,32.7,18.4,1011.8,53,0.0,3.7,8.3,16.5
2020-04-03,91,23.2,31.0,15.4,1011.7,51,0.0,3.1,7.2,14.8
2020-04-07,90,26.7,35.8,17.6,1008.6,50,0.0,2.7,8.1,14.8
2020-04-08,100,25.8,34.2,19.8,1009.9,49,0.0,3.5,6.1,13.0
2020-04-09,99,24.6,33.5,13.5,1009.9,57,0.0,3.5,4.6,11.1
2020-04-13,129,30.7,37.6,20.6,1007.2,49,0.0,3.5,6.7,14.8
2020-04-14,121,31.1,39.2,23.2,1007.5,55,0.0,2.7,2.2,7.6
2020-04-15,128,31.2,39.7,24.0,1006.6,40,0.0,2.7,5.6,14.8
2020-04-19,82,27.3,37.3,19.0,1007.0,58,7.11,3.1,3.9,11.1
2020-04-20,92,26.4,35.2,20.2,1008.6,58,0.0,3.1,5.6,14.8
2020-04-21,92,27.2,34.2,19.2,1007.9,56,0.0,3.5,4.8,9.4
2020-04-25,77,30.3,38.4,23.8,1004.7,55,0.0,4.0,5.6,11.1
2020-04-26,103,24.4,37.9,20.4,1008.0,76,0.51,2.3,9.6,18.3
2020-04-27,82,27.1,33.2,18.9,1010.9,70,20.07,2.7,12.8,18.3
2020-05-01,146,31.8,38.8,24.6,1004.6,64,0.0,3.1,8.1,11.1
2020-05-02,102,31.2,38.8,24.4,1005.0,65,0.0,2.7,10.9,14.8
2020-05-03,93,27.2,37.9,22.6,1006.7,81,11.94,1.9,8.7,14.8
2020-05-07,86,29.4,36.6,21.6,1006.2,43,0.0,3.2,5.4,11.1
2020-05-08,120,32.2,39.2,23.7,1004.2,45,0.0,3.2,5.7,9.4
2020-05-09,140,33.5,40.4,26.2,1004.8,48,0.0,2.3,6.5,11.1
2020-05-13,152,30.2,37.2,26.2,1005.7,57,0.0,1.9,6.3,11.1
2020-05-14,124,30.8,39.7,23.6,1004.7,55,0.51,2.7,7.0,11.1
2020-05-15,120,31.8,39.7,23.6,1003.9,41,0.0,3.1,7.4,16.5
2020-05-19,158,32.3,40.7,22.1,1000.1,33,0.0,2.6,3.1,11.1
2020-05-20,134,32.7,40.7,22.0,999.6,29,0.0,3.5,7.2,11.1
2020-05-21,118,33.2,41.4,24.8,998.5,31,0.0,4.0,7.4,14.8
2020-05-25,130,36.0,44.4,27.2,999.7,34,0.0,3.1,9.4,22.2
2020-05-26,127,37.6,45.6,28.2,998.2,30,0.0,3.5,10.0,18.3
2020-05-27,118,37.5,46.0,28.4,996.5,26,0.0,4.0,9.4,13.0
2020-05-31,68,25.8,34.8,20.0,1006.9,78,8.89,2.6,6.7,14.8
2020-06-01,106,29.4,35.0,21.0,1006.3,66,3.05,3.1,3.0,5.4
2020-06-02,104,30.9,36.4,24.8,1004.3,56,0.0,2.7,8.5,14.8
2020-06-03,127,30.5,36.9,24.9,1002.6,63,0.51,2.7,4.6,9.4
2020-06-07,104,29.3,36.8,23.2,1001.1,71,1.02,1.9,7.4,13.0
2020-06-08,108,31.8,37.4,25.2,1000.4,63,6.1,1.9,5.2,18.3
2020-06-09,140,34.3,39.6,26.9,999.9,56,0.0,3.2,5.4,13.0
2020-06-13,130,32.6,41.5,28.8,998.5,68,0.0,1.9,5.9,9.4
2020-06-14,148,35.0,40.0,28.0,999.0,57,0.0,3.1,8.1,11.1
2020-06-15,121,35.7,41.2,28.6,996.8,54,0.0,3.7,8.3,11.1
2020-06-19,138,36.6,42.5,29.8,997.8,53,0.0,3.2,9.4,11.1
2020-06-20,103,31.1,41.2,22.4,998.8,71,5.08,2.7,9.8,22.2
2020-06-21,109,31.9,38.1,24.6,998.5,74,2.03,3.2,5.9,11.1
2020-06-25,92,31.8,36.4,26.8,999.1,79,2.03,3.2,5.2,18.3
2020-06-26,114,32.9,37.0,27.2,998.1,71,0.0,3.7,9.4,18.3
2020-06-27,105,34.8,40.0,28.2,996.6,63,0.0,3.1,13.9,27.8
2020-01-01,357,10.8,20.2,2.4,1022.1,84,0.0,0.6,3.1,13.0
2020-01-02,325,13.7,22.0,4.6,1020.9,80,0.0,0.8,2.0,7.6
2020-01-03,276,14.4,23.0,7.6,1018.5,82,0.0,1.3,2.0,7.6
2020-01-07,187,15.0,19.1,11.6,1016.2,88,0.0,1.3,5.4,7.6
2020-01-08,189,13.2,19.0,11.0,1015.3,99,6.1,0.6,5.0,7.6
2020-01-09,172,10.4,14.6,7.8,1020.8,89,10.92,0.8,6.3,9.4
2020-01-13,265,14.2,23.4,8.0,1012.5,85,0.76,1.0,7.8,13.0
2020-01-14,183,12.6,19.9,8.6,1016.3,89,0.0,1.0,4.3,9.4
2020-01-15,180,13.7,19.8,6.4,1016.3,80,0.0,1.0,4.4,9.4
2020-01-19,194,11.0,17.7,7.0,1019.8,87,0.0,1.0,9.8,16.5
2020-01-20,211,11.9,16.7,8.3,1018.5,89,0.0,0.6,5.2,11.1
2020-01-21,256,13.6,20.0,9.2,1019.7,87,0.0,0.6,3.5,9.4
2020-01-25,186,11.6,21.1,4.8,1017.1,80,0.0,1.6,2.6,5.4
2020-01-26,246,14.7,22.6,6.9,1015.0,73,0.0,1.3,5.2,13.0
2020-01-27,253,15.5,22.7,8.5,1012.1,79,0.0,1.0,4.3,9.4
2020-01-31,170,12.9,20.2,7.2,1016.0,77,0.0,1.6,6.7,13.0
2020-02-01,177,12.3,19.7,5.7,1019.6,82,0,1.4,3.3,13.0
2020-02-02,191,12.1,19.9,6.0,1020.3,83,0,1.1,5.7,13.0
2020-02-03,192,12.9,21.2,5.4,1018.5,74,0,2.1,4.4,13.0
2020-02-07,195,12.7,20.4,6.1,1019.7,79,0,1.1,3.9,7.6
2020-02-08,216,13.7,20.8,7.0,1021.5,78,0,1.4,4.6,14.8
2020-02-09,215,13.9,22.2,6.6,1021.6,77,0,1.6,3.1,11.1
2020-02-13,172,20.0,27.4,12.3,1015.0,67,0,1.8,12.0,18.3
2020-02-14,150,18.8,27.8,13.7,1012.8,63,0,1.8,13.9,18.3
2020-02-15,162,18.2,25.4,11.5,1013.5,61,0,1.9,14.1,18.3
2020-02-19,184,19.1,26.9,8.1,1013.5,70,0,1.9,8.9,18.3
2020-02-20,174,21.8,27.2,13.6,1013.0,68,-,2.1,12.4,22.2
2020-02-21,119,16.8,27.5,14.2,1018.3,85,2.03,2.6,9.8,16.5
2020-02-25,214,19.3,26.4,13.0,1013.6,79,0,1.4,3.1,9.4
2020-02-26,198,20.3,27.2,12.7,1014.2,73,0,1.4,4.3,14.8
2020-02-27,175,20.7,27.4,13.0,1014.1,82,0,1.8,4.6,9.4
2020-03-01,102,21.9,27.6,14.4,1012.9,77,0.0,1.9,3.1,7.6
2020-03-02,165,21.2,27.8,14.6,1012.4,81,0.0,1.9,1.3,5.4
2020-03-03,150,21.1,28.6,14.3,1010.7,72,0.0,1.9,3.7,11.1
2020-03-07,109,17.3,22.4,13.0,1015.1,91,20.07,1.9,3.9,9.4
2020-03-08,136,18.0,24.4,11.1,1015.8,79,99.06,1.9,5.0,11.1
2020-03-09,127,18.3,25.0,12.4,1013.1,72,0.0,2.7,8.5,18.3
2020-03-13,139,21.3,28.0,13.8,1014.0,63,0.0,2.6,5.6,9.4
2020-03-14,107,18.5,28.3,15.6,1014.8,88,0.0,1.9,4.8,9.4
2020-03-15,140,18.8,25.0,12.0,1016.9,78,37.08,1.6,4.8,11.1
2020-03-19,163,23.2,29.8,16.0,1010.7,73,0.0,2.1,4.1,9.4
2020-03-20,165,24.7,31.2,16.4,1009.5,72,0.0,1.9,3.7,7.6
2020-03-21,146,23.6,31.4,17.8,1010.7,72,0.0,2.6,3.1,7.6
2020-03-25,93,25.6,33.0,16.8,1010.9,70,0.0,3.1,5.6,14.8
2020-03-26,105,24.1,33.3,19.0,1012.2,75,0.0,1.9,8.7,18.3
2020-03-27,76,21.7,29.2,17.6,1014.3,80,1.02,2.6,7.4,14.8
2019-10-01,87,28.7,33.0,23.8,1008.3,74,0,2.9,6.7,11.1
2019-10-02,102,29.2,33.0,23.4,-,68,0,3.1,4.3,9.4
2019-10-03,130,28.8,34.4,21.4,1010.9,68,-,2.4,5.2,14.8
2019-10-07,133,27.7,32.9,22.4,1011.6,61,0,2.4,8.1,18.3
2019-10-08,107,27.2,32.0,20.2,1011.5,58,0,3.5,6.7,14.8
2019-10-09,152,27.5,34.0,20.3,1010.9,60,0,3.1,3.3,11.1
2019-10-15,175,28.6,34.0,20.4,-,61,0,2.3,2.8,7.6
2019-10-19,139,27.3,34.7,19.8,1014.6,60,0,2.3,3.7,7.6
2019-10-20,164,26.0,32.6,19.0,1014.2,54,0,2.3,5.6,14.8
2019-10-21,179,24.7,32.5,17.2,1011.8,58,0,2.3,7.2,18.3
2019-10-25,182,25.2,32.1,18.2,1012.4,61,0,1.8,3.9,11.1
2019-10-26,187,24.9,30.9,17.6,1013.1,65,0,1.9,1.9,5.4
2019-10-27,236,25.1,31.4,17.4,1012.7,57,0,1.8,6.9,14.8
2019-10-31,328,24.7,32.0,16.8,1011.8,63,0,1.0,3.0,9.4
2019-11-01,424,25.4,32.0,17.1,1011.9,66,0.0,0.6,1.7,5.4
2019-11-02,350,24.5,31.7,18.8,1013.8,70,0.0,0.6,5.0,14.8
2019-11-03,553,23.4,29.5,18.7,1014.6,74,0.25,0.6,7.8,14.8
2019-11-07,251,20.6,32.3,17.0,1011.0,80,0.76,1.0,5.6,13.0
2019-11-08,212,21.9,30.0,15.6,1013.7,72,0.0,1.4,3.3,11.1
2019-11-09,199,21.6,30.1,15.6,1013.9,63,0.0,1.6,5.4,11.1
2019-11-13,434,20.3,28.2,13.4,1016.0,71,0.0,0.6,0.9,3.5
2019-11-14,436,20.2,28.3,15.4,1016.6,81,0.0,0.5,2.6,7.6
2019-11-15,458,21.2,27.6,16.0,1015.3,75,0.0,0.5,1.5,5.4
2019-11-19,184,19.0,26.8,12.3,1014.2,71,0.0,1.9,4.1,11.1
2019-11-20,196,19.1,28.2,11.4,1015.1,70,0.0,1.9,0.4,3.5
2019-11-21,254,19.3,28.9,12.5,1016.9,72,0.0,1.3,0.7,5.4
2019-11-25,182,20.0,26.8,13.7,1016.2,74,0.0,1.4,1.1,5.4
2019-11-26,174,20.7,27.2,16.2,1015.5,70,0.0,1.9,4.3,9.4
2019-11-27,126,20.4,27.9,14.5,1015.5,76,0.0,1.4,5.6,9.4
2019-12-01,191,15.7,23.2,9.4,1017.3,78,0.0,1.6,4.1,11.1
2019-12-02,195,15.4,23.4,8.0,1017.8,72,0.0,1.8,5.6,14.8
2019-12-03,193,15.4,24.3,9.1,1017.3,66,0.0,1.8,5.7,16.5
2019-12-07,295,15.1,24.2,9.3,1019.1,85,0.0,1.3,0.6,25.9
2019-12-08,282,15.3,24.8,8.7,1019.0,78,0.0,1.0,1.5,7.6
2019-12-09,249,14.8,23.8,7.7,1018.3,76,0.0,1.1,1.9,7.6
2019-12-13,175,15.2,21.5,12.4,1014.4,94,34.04,1.0,7.2,11.1
2019-12-14,164,14.7,18.7,9.7,1020.3,88,0.51,1.4,3.0,5.4
2019-12-15,173,14.2,19.2,9.8,1020.0,87,0.0,1.3,6.5,11.1
2019-12-19,329,10.3,18.0,5.2,1018.8,94,0.0,0.3,3.1,7.6
2019-12-20,377,12.1,17.4,6.4,1016.8,91,0.0,0.3,5.7,11.1
2019-12-21,325,12.6,17.5,8.8,1017.9,90,0.0,0.6,5.7,9.4
2019-12-25,231,8.4,17.2,6.0,1019.4,93,0.0,0.8,8.1,11.1
2019-12-26,267,8.8,13.0,5.4,1018.6,85,0.0,0.6,4.6,7.6
2019-12-27,293,8.6,13.6,4.2,1019.6,83,0.0,0.6,3.3,7.6
2019-07-01,146,36.8,42.2,30.6,996.3,45,0.0,3.1,7.6,14.8
2019-07-02,155,34.9,41.6,30.0,996.8,53,0.0,2.6,6.5,11.1
2019-07-03,102,34.9,38.4,30.6,997.5,58,0.0,1.9,8.1,11.1
2019-07-07,98,32.1,37.0,27.6,-,71,0.0,2.9,7.8,33.5
2019-07-08,133,33.7,37.0,28.6,994.1,65,0.0,2.7,6.7,14.8
2019-07-09,123,31.6,36.7,28.8,995,70,0.51,2.7,9.6,18.3
2019-07-13,141,35.6,40.0,31.2,996.7,53,0.0,2.6,13.7,27.8
2019-07-14,150,34.3,39.6,28.4,995.8,58,0.0,2.7,11.3,20.6
2019-07-15,112,29.1,37.7,24.0,997.1,79,28.96,2.4,7.6,27.8
2019-07-19,141,31.9,36.0,25.0,1000.9,69,4.06,2.7,5.4,9.4
2019-07-20,120,30.7,37.0,26.0,1001,77,0.0,2.4,5.2,27.8
2019-07-21,116,30.6,36.7,25.6,1000.6,78,8.89,2.7,6.3,14.8
2019-07-25,66,28.7,37.8,25.0,998.2,81,21.08,2.4,7.2,16.5
2019-07-26,90,28.6,32.0,26.2,996.7,86,0.51,2.1,7.6,14.8
2019-07-27,74,28.7,32.5,25.4,997.6,88,10.92,1.9,8.9,16.5
2019-07-31,79,31.9,35.1,27.8,999.5,73,0.0,3.2,6.7,13.0
2019-08-01,88,32.9,37.0,27.8,998.5,68,0.0,3.2,7.8,13.0
2019-08-02,94,30.9,36.9,28.0,998.2,76,0.0,2.6,6.9,18.3
2019-08-03,101,30.1,34.6,27.4,997.9,81,0.51,2.1,7.6,18.3
2019-08-07,91,30.9,35.0,25.6,995.1,77,22.1,2.4,7.2,14.8
2019-08-08,71,33.5,38.0,27.5,-,69,0.0,3.7,8.7,18.3
2019-08-09,50,31.5,37.9,28.4,997.4,73,1.02,3.4,15.4,27.8
2019-08-13,70,30.4,35.0,26.6,1000.9,81,2.03,2.9,8.5,18.3
2019-08-14,86,30.5,35.5,25.6,1000.7,83,10.92,2.3,4.3,9.4
2019-08-15,90,30.6,35.0,24.8,1000.5,78,10.92,2.9,10.0,24.1
2019-08-19,103,30.7,34.0,23.6,1003.7,70,2.03,2.7,6.1,14.8
2019-08-20,122,31.4,35.0,25.6,1002.5,70,0.0,2.6,8.3,16.5
2019-08-21,122,32.0,36.0,24.8,1002.1,69,0.0,2.9,8.1,18.3
2019-08-26,65,31.9,35.0,25.7,-,71,3.05,2.9,9.1,18.3
2019-08-27,97,32.9,36.4,27.4,1001.5,67,0.0,3.1,5.4,13.0
2019-08-31,119,33.0,36.7,29.2,998.8,68,0.76,2.6,5.9,11.1
2019-09-01,89,29.9,37.0,26.4,1001.5,76,0.51,2.6,8.0,18.3
2019-09-02,116,32.7,36.4,27.1,1000.8,69,0.0,2.7,4.3,11.1
2019-09-03,154,33.1,36.6,27.8,-,67,0.0,2.3,5.7,11.1
2019-09-07,83,29.9,37.2,27.2,1000.1,83,46.99,1.9,5.9,11.1
2019-09-08,93,31.9,35.5,26.4,1001,74,46.99,2.1,3.9,9.4
2019-09-09,137,32.2,36.0,28.3,999.5,70,0.0,1.9,3.9,11.1
2019-09-13,90,32.9,37.1,27.8,-,69,0.0,2.7,6.5,9.4
2019-09-14,78,32.0,35.0,28.8,1004.5,70,0.0,2.9,8.3,14.8
2019-09-15,102,30.7,35.2,27.3,1003.8,78,2.03,2.3,5.4,10.7
2019-09-19,68,29.1,35.1,25.1,1009.5,75,0.0,2.7,7.8,14.8
2019-09-20,89,30.8,35.0,24.9,1007.5,68,0.0,3.1,6.7,13.0
2019-09-21,100,28.0,35.3,24.0,1007.2,81,23.11,2.3,5.4,14.8
2019-09-25,88,30.2,35.0,24.5,1011.6,68,0.0,2.9,7.2,13.0
2019-09-26,59,29.7,35.1,25.8,-,73,0.0,3.4,8.7,16.5
2019-09-27,45,28.5,34.0,25.4,1010.3,76,0.0,3.1,9.1,14.8
2019-04-01,133,27.7,34.3,17.6,1008.5,41,0,3.9,12.4,22.2
2019-04-02,137,27.6,35,16.2,1008.8,42,0,3.9,5,14.8
2019-04-03,144,29.2,37,17.6,1008.1,41,0,3.5,9.1,18.3
2019-04-07,199,30.8,37.8,22.4,1006.2,57,6.1,1.8,10.7,35.2
2019-04-08,149,29.4,36,20.2,1006.5,52,0,2.6,5.9,18.3
2019-04-09,155,30.2,37,20.4,1005.5,48,0,3.2,4.6,11.1
2019-04-13,122,31.4,38,21.6,1007.8,42,0.25,3.7,12.8,25.9
2019-04-14,123,32.2,38,21.8,1006.8,40,0,4.5,9.8,14.8
2019-04-15,127,33.6,40,25.5,1006,36,0,3.7,9.4,18.3
2019-04-19,148,27.5,32,18.2,1007.9,50,0,3.7,9.4,14.8
2019-04-20,159,29.2,35,19.8,1005.2,46,0,3.4,5.7,14.8
2019-04-21,147,31.1,37.2,20.6,1004,41,0,3.5,9.3,20.6
2019-04-24,158,-,-,-,-,-,-,-,-,-
2019-04-25,167,-,-,-,-,-,-,-,-,-
2019-04-27,160,-,-,-,-,-,-,-,-,-
2019-04-28,173,34.8,41,25.4,1003.3,26,0,2.9,11.7,22.2
2019-04-29,175,34.8,42,23.4,1001.8,30,0,3.1,8.7,18.3
2019-04-30,167,-,-,-,-,-,-,-,-,-
2019-05-01,174,34.4,43.7,24.4,999.7,39,0,2.6,5.4,13
2019-05-02,161,33.5,41.3,25.8,1002.9,45,0,2.7,11.9,25.9
2019-05-03,178,32.6,41,24,-,46,0,3.2,7.6,55.4
2019-05-07,188,33.5,41.2,21.8,1001.9,40,0,2.6,10.7,25.9
2019-05-08,218,35.3,42,23.6,1001.2,38,0,2.7,11.5,24.1
2019-05-09,218,36.1,42,26.4,1000.6,38,0,2.6,13.7,25.9
2019-05-13,268,33.3,40,25.4,1003.9,52,0,1.9,8.9,31.7
2019-05-14,125,30.8,40.2,20.8,1003.9,60,3.05,3.1,5.6,14.8
2019-05-15,147,29.4,36,23,1004.5,72,0,2.3,8,18.3
2019-05-16,138,-,-,-,-,-,-,-,-,-
2019-05-17,145,-,-,-,-,-,-,-,-,-
2019-05-18,108,-,-,-,-,-,-,-,-,-
2019-05-19,159,-,-,-,-,-,-,-,-,-
2019-05-23,159,33.7,40,25,1002.4,45,4.06,2.6,8,27.8
2019-05-24,106,29.8,40.4,23.8,1003.8,60,0,3.2,11.1,25.9
2019-05-25,109,32.5,37,24.5,1002.6,41,0,3.7,11.5,25.9
2019-05-29,136,36.6,43,24.6,998.9,30,0,4,9.1,18.3
2019-05-30,146,38.2,45,26.8,-,26,0,3.4,9.1,22.2
2019-05-31,155,38.7,45,28.4,-,27,0,3.1,7.6,13
2019-06-01,164,37.6,44.8,27.6,998.3,40,0,3.1,7.8,13.0
2019-06-02,154,37.3,43.5,30.8,998.4,44,0,2.7,9.4,18.3
2019-06-03,143,35.9,42.5,29.4,998.8,47,0,2.7,11.9,18.3
2019-06-07,126,35.0,43.9,26.4,1001.9,46,0,3.4,7.0,11.1
2019-06-08,132,37.9,43.0,28.0,1000.5,36,0,3.1,6.7,16.5
2019-06-09,151,37.4,44.0,27.2,996.8,34,0,2.7,5.6,18.3
2019-06-13,120,37.0,41.6,29.0,997.8,38,0,3.2,9.8,18.3
2019-06-14,116,37.6,44.0,29.2,997.1,29,0,3.4,11.3,24.1
2019-06-15,156,37.9,43.7,27.8,997.7,28,0,2.9,14.4,37.0
2019-06-19,163,32.2,37.0,24.2,1000.3,53,0,2.9,6.1,11.1
2019-06-20,102,33.5,39.0,25.4,1000.9,50,0,3.5,6.7,13.0
2019-06-21,150,35.1,39.0,28.2,1000.1,50,0,3.1,5.7,14.8
2019-06-25,127,34.2,39.0,27.8,-,60,0,3.1,5.2,11.1
2019-06-26,152,35.8,41.0,29.6,997.5,52,0,2.7,6.7,18.3
2019-06-27,153,35.3,41.1,28.6,996.1,49,0,2.4,8.0,18.3
2019-01-01,319,12.8,22.6,4.0,1020.0,75,0.0,1.3,2.0,9.4
2019-01-02,328,13.8,23.0,6.5,1020.7,79,0.0,1.1,0.9,3.5
2019-01-03,375,13.5,23.4,6.7,1021.3,83,0.0,0.6,7.2,22.2
2019-01-07,233,13.2,20.0,7.1,1019.9,88,0.0,0.8,3.7,9.4
2019-01-08,235,13.6,20.1,7.0,1017.5,85,0.0,0.8,6.9,14.8
2019-01-09,202,13.5,20.4,8.0,1017.2,78,0.0,1.4,8.3,25.9
2019-01-13,301,15.7,22.9,8.5,1019.6,82,0.0,1.3,3.1,3.5
2019-01-14,158,13.3,23.5,8.0,1019.3,69,0.0,2.3,11.3,27.8
2019-01-15,181,11.2,19.5,6.0,1018.7,80,0.0,1.6,7.2,14.8
2019-01-19,280,14.8,25.4,5.7,1017.1,79,0.0,1.3,2.0,9.4
2019-01-20,281,17.5,28.2,7.0,1015.5,79,0.0,1.3,2.2,3.5
2019-01-21,210,16.4,28.7,11.5,1012.8,87,3.05,1.4,14.3,31.7
2019-01-25,154,13.4,22.0,9.2,1020.2,87,6.1,1.8,4.1,7.6
2019-01-26,169,12.2,19.0,6.0,1022.9,75,0.0,2.1,5.7,14.8
2019-01-27,200,12.9,19.2,5.2,1022.9,73,0.0,1.9,16.3,38.9
2019-01-31,267,15.5,21.0,8.2,1017.6,78,0.0,1.9,8.3,18.3
2019-02-01,226,16.3,22.0,11.0,1018.9,82,0,1.4,7.6,18.3
2019-02-02,246,12.9,22.5,8.2,1018.8,92,0,0.8,10.2,22.2
2019-02-03,205,13.8,20.0,9.4,1020.2,88,0,1.1,9.1,16.5
2019-02-07,138,16.5,25.1,13.2,1012.4,96,0,1.6,16.9,46.9
2019-02-08,127,14.9,20.4,7.0,1017.2,72,5.08,2.1,9.4,18.3
2019-02-09,164,14.8,20.6,8.4,1019.5,71,0,2.6,11.3,18.3
2019-03-19,161,24.1,31.0,12.8,1009.6,58,0.0,2.6,3.3,7.6
2019-03-20,146,26.9,34.0,15.5,1009.2,51,0.0,2.9,5.0,14.8
2019-03-21,184,25.6,34.1,16.6,1012.3,44,0.0,2.7,3.7,7.6
2019-03-25,140,24.4,32.1,17.6,1012,55,0.0,3.5,8.9,14.8
2019-03-26,142,24.2,30.4,16.2,1013.7,57,0.0,3.2,10.7,24.1
2019-03-27,139,25.1,31.4,15.0,1013.3,53,0.0,3.5,10.7,25.9
2019-03-31,124,28.8,39.2,21.0,1007.6,35,0.25,3.7,12.6,27.8
2018-10-01,151,28.2,34.8,22.2,1008.4,66,0,2.7,2.6,9.4
2018-10-02,156,28.7,35.2,22.5,1008.8,63,0,2.6,0.4,3.5
2018-10-03,125,28.8,35.6,22.5,1008.5,59,0,2.6,0.4,3.5
2018-10-07,157,26.4,34.6,20.2,1010,63,0,2.3,1.9,7.6
2018-10-08,174,27.5,34.8,20.1,1008.1,63,0,1.9,2.0,9.4
2018-10-09,171,27.8,35.3,22.4,1007.4,66,0,1.9,3.7,9.4
2018-10-13,181,23.8,32.4,16.6,1012.7,62,0,1.8,0.0,-
2018-10-14,160,24.2,31.8,17.3,1011.6,58,0,2.6,5.4,14.8
2018-10-15,177,25.7,32.5,17.0,1012.1,58,0,2.6,3.0,9.4
2018-10-19,182,27.1,34.0,17.8,1011,54,0,2.3,2.8,9.4
2018-10-20,202,26.0,33.8,17.4,1013.8,52,0,2.4,2.0,7.6
2018-10-21,180,24.8,32.9,17.0,-,54,0,2.6,3.3,13
2018-10-25,204,24.5,32.5,15.0,1014.8,58,0,2.4,2.0,7.6
2018-10-26,169,24.2,32.4,15.8,1016.8,59,0,2.1,0.6,5.4
2018-10-27,242,24.2,31.0,15.6,1016.7,62,0,1.9,2.4,9.4
2018-10-31,249,24.1,31.0,16.0,1015.3,63,0,1.6,2.2,10.7
2018-11-01,257,24.1,31.1,16,1014.3,65,0,1.6,5,14.4
2018-11-02,241,24.6,32,16,1012.1,63,0,1.6,4.1,7.6
2018-11-03,203,25.2,31.6,18.5,1011.7,63,0.25,1.9,9.4,14.8
2018-11-07,195,20.3,28,12.5,1015.7,44,0,3.1,8.3,18.3
2018-11-08,357,18.6,27.8,10.5,1014.7,58,0,1.4,1.1,3.5
2018-11-09,321,21.5,29,11,-,59,0,1.4,2.4,-
2018-11-13,279,21.9,30.2,14.2,1009.6,74,0.25,1.3,4.1,9.4
2018-11-14,210,22.2,29.4,17.6,1011.4,77,7.11,2.3,5.4,14.8
2018-11-15,172,22.2,28.5,16.2,1015.2,67,1.02,2.4,4.8,9.4
2018-11-17,188,-,-,-,-,-,-,-,-,-
2018-11-18,192,-,-,-,-,-,-,-,-,-
2018-11-19,232,-,-,-,-,-,-,-,-,-
2018-11-20,249,-,-,-,-,-,-,-,-,-
2018-11-21,281,-,-,-,-,-,-,-,-,-
2018-11-22,174,-,-,-,-,-,-,-,-,-
2018-11-25,174,19.3,27.9,10.4,1016.4,59,0,2.9,2,9.4
2018-11-26,222,19.8,27.2,10.5,1016.3,64,0,2.1,0.7,5.4
2018-11-27,199,20.8,28.2,10.7,1018,65,0,1.9,0.9,5.4
2018-12-01,208,19.6,26.4,10.8,-,60,0.0,2.6,5.4,14.8
2018-12-02,177,19.6,28.0,9.0,1014.6,56,0.0,2.4,2.4,11.1
2018-12-03,211,18.9,28.1,8.6,1016.7,58,0.0,1.9,3.5,9.4
2018-12-07,235,17.5,25.1,8.8,1015.7,67,0.0,1.9,4.8,22.2
2018-12-08,243,16.5,24.2,7.6,1016.3,70,0.0,1.8,2.8,11.1
2018-12-09,240,17.4,25.0,8.2,1014.9,66,0.0,1.8,1.1,7.6
2018-12-13,156,16.4,21.6,11.2,-,77,1.02,2.6,3.9,7.6
2018-12-14,173,15.7,21.4,8.0,1022.8,74,0.0,1.9,5.9,14.8
2018-12-15,185,15.3,22.0,8.2,1022.3,78,0.0,1.9,5.6,13.0
2018-12-19,247,14.8,22.3,5.2,1018.9,67,0.0,2.1,4.6,11.1
2018-12-20,281,12.3,22.4,4.0,1017.9,74,0.0,1.3,1.1,3.5
2018-12-21,310,11.3,22.3,4.7,1017.7,82,0.0,1.1,3.0,3.5
2018-12-25,350,12.3,19.4,6.2,1016.8,80,0.0,1.3,6.7,25.9
2018-12-26,277,11.1,20.6,3.6,1015.7,76,0.0,1.3,3.0,9.4
2018-12-27,286,11.6,21.4,3.4,1017.1,76,0.0,1.1,2.4,5.4
2018-07-01,79,32.6,36.2,29.0,997.2,68,0.0,1.9,11.9,22.2
2018-07-02,82,31.2,37.4,24.4,995.6,66,22.1,2.9,12.0,24.1
2018-07-03,103,32.1,37.8,23.6,995.7,70,0.0,2.3,6.3,13.0
2018-07-07,144,33.7,37.8,28.2,997.0,59,0.0,1.9,3.1,14.8
2018-07-08,144,35.2,39.4,28.5,995.6,55,0.0,3.1,3.3,7.6
2018-07-09,158,33.4,40.1,30.8,996.1,71,0.0,1.9,9.4,14.8
2018-07-13,86,29.3,37.8,26.2,996.9,85,54.1,1.9,3.7,9.4
2018-07-14,94,30.3,34.2,25.4,996.2,82,0.0,1.9,3.7,11.1
2018-07-15,91,31.8,35.2,27.6,996.2,77,0.0,1.9,5.6,11.1
2018-07-19,97,32.8,37.3,28.8,996.9,73,0.0,2.6,5.2,11.1
2018-07-20,103,29.2,37.8,26.0,996.8,87,23.88,1.9,1.9,5.4
2018-07-21,136,29.2,33.4,27.0,997.3,89,7.11,1.9,2.8,7.6
2018-07-25,89,29.5,36.7,28.0,997.3,84,1.02,1.9,3.9,9.4
2018-07-26,87,26.9,32.2,25.8,997.6,95,5.08,1.9,6.5,11.1
2018-07-27,80,26.7,28.7,25.2,996.7,95,45.97,1.9,3.1,13.0
2018-07-31,113,30.0,34.5,27.2,997.0,76,0.0,1.9,8.3,14.8
2018-08-01,113,31.5,35.0,26.0,997.0,71,0.51,2.7,5.0,14.8
2018-08-02,149,32.1,35.6,28.2,998.3,67,0.0,2.3,13.0,22.2
2018-08-03,145,31.5,35.8,28.2,998.6,68,0.0,2.3,11.7,22.2
2018-08-07,117,28.2,31.8,26.4,999.2,89,2.03,1.9,2.6,7.6
2018-08-08,76,30.4,33.4,26.5,999.9,83,4.06,1.9,4.6,9.4
2018-08-09,81,32.0,35.4,27.6,1001.8,73,0.51,2.3,4.6,14.8
2018-08-13,68,30.4,33.2,27.6,997.1,78,7.87,1.9,1.7,7.6
2018-08-14,100,30.8,34.4,27.4,997.6,80,0.51,2.3,4.3,9.4
2018-08-15,102,31.1,35.3,28.4,999.9,73,8.89,2.6,5.6,14.8
2018-08-19,114,28.5,36.3,26.6,998.4,91,5.08,1.9,0.0,-
2018-08-20,167,30.0,33.6,25.9,999.8,83,40.89,1.9,4.3,9.4
2018-08-21,38,31.7,36.4,26.2,999.2,73,0.0,1.9,4.6,9.4
2018-08-25,43,30.3,34.4,27.0,998.5,73,0.0,2.6,11.3,24.1
2018-08-26,43,31.0,34.2,27.0,998.0,73,0.0,3.2,7.8,24.1
2018-08-27,52,29.6,34.9,26.5,999.8,83,2.03,2.6,2.6,9.4
2018-08-31,115,30.9,35.1,28.0,1000.0,76,0.0,2.3,4.8,11.1
2018-09-01,106,27.1,34,23.5,1002.6,93,24.89,1.8,4.8,16.5
2018-09-03,113,26.7,29,25.6,1002.4,95,36.07,1.6,0.4,3.5
2018-09-07,83,28.3,34.6,24.6,1003.2,86,20.07,2.1,1.7,9.4
2018-09-08,64,28.7,34.1,25.5,1003.5,83,2.03,2.6,9.3,22.2
2018-09-09,46,28.6,33.6,25,1005.2,80,6.1,3.1,8.1,11.1
2018-09-13,17,30.3,33.6,26.5,1003.3,67,0,2.6,13,18.3
2018-09-14,103,29.5,34.4,22.2,1005.7,70,0,3.4,7,14.8
2018-09-15,83,30.6,34.6,25.5,1007.3,60,0,4,8.1,13
2018-09-17,137,-,-,-,-,-,-,-,-,-
2018-09-20,149,30,35.4,24,1005.2,66,0,2.7,2.8,7.6
2018-09-21,100,28.3,35.7,23.8,1008,75,0,2.6,9.1,14.8
2018-09-22,54,25.8,34,22.2,1008,91,26.92,1.9,10.9,18.3
2018-09-24,54,-,-,-,-,-,-,-,-,-
2018-09-27,144,28,33.2,22.6,1007.8,75,0,2.7,2.4,7.6
2018-09-28,143,29.3,35.4,23.2,1008.3,63,0,2.6,2,11.1
2018-09-29,152,28.9,35.5,23.4,1009.1,65,0,2.3,2.6,11.1
2018-04-01,138,27.8,34.8,20.0,1008.6,52,0.0,2.7,6.1,11.1
2018-04-02,152,27.6,36.2,20.8,1009.0,53,0.0,2.6,4.8,11.1
2018-04-03,160,29.4,38.2,21.4,1007.2,49,0.0,2.6,2.6,5.4
2018-04-07,88,27.9,36.6,19.0,1008.3,57,5.08,2.7,5.9,9.4
2018-04-08,112,29.4,35.6,23.0,1008.8,51,0.0,2.3,9.1,18.3
2018-04-09,105,25.2,36.3,20.2,1010.1,67,2.03,2.9,6.7,22.2
2018-04-13,124,25.8,34.4,18.2,1008.3,38,0.0,2.3,3.0,14.8
2018-04-14,136,28.1,36.0,18.2,1006.8,36,0.0,3.1,4.6,14.8
2018-04-15,157,30.1,38.0,20.5,1006.0,39,0.0,2.7,3.1,11.1
2018-04-19,160,31.1,39.0,23.0,1003.0,32,0.0,2.6,5.0,22.2
2018-04-20,155,32.7,39.4,24.0,1002.6,26,0.0,1.9,12.4,33.5
2018-04-21,193,29.2,39.5,24.0,1007.9,31,0.0,2.6,9.1,14.8
2018-04-25,148,31.7,41.4,20.8,1002.3,26,0.0,2.6,5.6,18.3
2018-04-26,180,33.2,41.6,25.5,1001.5,31,0.0,1.9,4.8,13.0
2018-04-27,169,32.4,42.0,26.4,1004.7,48,0.0,3.1,7.0,9.4
2018-05-01,119,31.7,40.0,26.5,1003.4,52,0.0,2.7,10.0,14.8
2018-05-02,126,28.8,37.6,20.2,1004.7,59,12.95,1.6,13.7,31.3
2018-05-03,116,29.6,34.2,25.0,1005.8,52,0.0,1.9,10.0,14.8
2018-05-07,159,31.2,38.0,24.0,1003.2,40,0.0,1.9,11.7,37.0
2018-05-08,119,29.1,39.6,24.6,1004.3,43,0.0,1.8,7.4,22.2
2018-05-09,144,28.3,35.2,22.4,1006.1,57,0.0,1.9,3.3,11.1
2018-05-13,161,29.9,42.2,24.4,1003.5,56,7.87,1.8,12.0,31.3
2018-05-14,109,30.2,35.6,24.0,1004.6,53,0.0,2.6,6.7,9.4
2018-05-15,147,32.2,37.4,26.4,1002.2,54,0.0,2.7,5.2,16.5
2018-05-19,158,33.1,41.2,26.4,1001.7,40,0.0,1.9,4.4,14.8
2018-05-20,145,33.2,41.4,27.0,1002.8,33,0.0,2.6,3.1,14.8
2018-05-21,137,34.1,41.2,25.5,1002.9,26,0.0,2.7,5.9,16.5
2018-05-25,145,34.5,43.0,23.8,1000.1,25,0.0,2.7,6.5,22.2
2018-05-26,146,34.5,44.0,24.5,998.9,27,0.0,1.9,4.4,18.3
2018-05-27,151,36.1,45.0,26.3,998.1,24,0.0,2.7,8.7,25.9
2018-05-31,139,35.9,42.0,29.4,999.7,46,0.0,2.7,7.0,14.8
2018-06-01,145,34.6,42.1,28.4,1000.7,50,0.0,2.6,12.8,33.5
2018-06-02,104,32.3,42.0,26.6,1001.6,53,0.0,2.7,12.0,18.3
2018-06-03,121,34.0,39.2,27.7,998.6,56,0.0,2.6,9.6,14.8
2018-06-07,146,35.8,40.8,29.2,997.0,53,0.0,1.9,6.5,11.1
2018-06-08,148,35.2,41.4,32.0,994.3,55,0.0,1.9,11.3,18.3
2018-06-09,119,30.3,40.5,25.6,995.1,75,5.08,1.4,11.5,33.5
2018-06-13,286,37.8,41.7,34.0,990.4,41,0.0,1.6,19.4,33.5
2018-06-14,260,36.8,41.2,33.0,992.5,41,0.0,1.6,16.9,25.9
2018-06-15,195,36.7,40.5,33.4,994.7,43,0.0,1.9,17.4,27.8
2018-06-19,113,34.2,39.4,26.5,998.2,49,0.0,2.6,5.9,16.5
2018-06-20,144,35.2,40.2,29.8,998.9,55,0.0,2.6,1.9,5.4
2018-06-21,149,36.2,41.9,30.9,998.2,50,0.0,1.9,3.5,11.1
2018-06-25,148,36.6,42.2,32.6,993.8,42,0.0,2.1,11.3,31.7
2018-06-26,119,32.4,42.7,30.7,995.5,59,0.0,1.9,5.4,11.1
2018-06-27,119,30.3,37.5,26.2,997.8,76,3.05,1.9,10.2,18.3
2018-01-01,389,12.2,23.9,5.7,1014.5,88,0,0.3,0.7,5.4
2018-01-02,420,11.8,20.1,8.4,1015.3,89,0,0.3,2.8,9.4
2018-01-03,343,11.3,18.2,6.7,1015.6,85,0,0.6,3.5,9.4
2018-01-07,293,13.2,20.8,6.4,1015.2,69,0,1.4,8.5,14.8
2018-01-08,233,12.1,20.7,5.0,1017.6,72,0,1.4,3.9,11.1
2018-01-09,305,12.2,21.7,4.2,1019.1,75,0,1.4,5.7,18.3
2018-01-13,258,13.6,23.7,5.5,1016.1,68,0,1.4,4.4,18.3
2018-01-14,259,14.0,23.7,5.7,1016.2,69,0,2.3,4.8,14.8
2018-01-15,297,14.7,25.0,6.4,1015.6,70,0,1.4,9.4,24.1
2018-01-19,358,15.8,24.2,9.5,1016.0,79,0,1.0,4.6,11.1
2018-01-20,267,14.2,24.9,8.0,1014.9,75,0,0.6,5.0,13.0
2018-01-21,231,13.9,25.2,5.0,1014.7,70,0,1.9,0.4,3.5
2018-01-25,207,12.5,18.9,8.8,1013.4,90,0,0.6,8.3,16.5
2018-01-26,238,12.1,18.4,7.0,1014.1,89,0,0.5,4.4,9.4
2018-01-27,251,13.0,20.2,8.0,1014.4,79,0,0.6,4.3,9.4
2018-01-31,206,17.2,26.9,9.9,1014.3,69,0,1.4,13.0,25.9
2018-02-01,210,18.7,27.2,11.0,1013.9,69,0,1.4,3.0,13.0
2018-02-02,219,17.7,27.8,10.5,1012.7,69,0,1.6,3.7,14.8
2018-02-03,179,16.0,26.5,9.3,1015.4,57,0,1.4,4.4,13.0
2018-02-07,193,15.0,23.6,8.5,1014.6,55,0,1.4,7.4,22.2
2018-02-08,223,13.9,24.1,5.5,1013.8,61,0,1.6,1.7,9.4
2018-02-09,259,14.6,24.0,6.1,1014.4,59,0,1.3,2.2,7.6
2018-02-13,167,16.4,23.4,9.0,1022.5,75,0,1.6,5.2,14.8
2018-02-14,144,16.4,23.5,10.2,1021.6,63,0,1.8,11.1,25.9
2018-02-15,152,17.5,23.4,11.6,1019.6,66,0,2.4,9.8,25.9
2018-02-20,156,19.0,28.2,10.1,1012.9,62,0,2.1,4.4,14.8
2018-02-21,193,21.5,31.2,12.5,1010.5,59,0,1.8,1.5,5.4
2018-02-25,170,22.5,31.6,17.0,1015.4,65,0,1.9,7.4,16.5
2018-02-26,131,21.1,29.4,14.5,1012.8,64,0,2.6,11.3,25.9
2018-02-27,153,22.3,29.8,15.4,1012.6,65,0,1.9,6.3,24.1
2018-03-01,170,21.7,30.7,14.9,1010.8,62,0,1.6,1.7,7.6
2018-03-02,175,22.9,31.0,15.5,1009.0,58,0,2.3,3.9,14.8
2018-03-03,167,24.1,32.3,16.6,1006.9,53,0,2.1,2.0,9.4
2018-03-07,147,21.8,29.4,14.7,1012.3,53,0,2.6,7.6,22.2
2018-03-08,168,22.6,31.6,13.3,1013.2,57,0,2.3,3.1,14.8
2018-03-09,178,23.4,32.2,14.8,1013.1,52,0,1.8,3.5,11.1
2018-03-13,154,25.9,35.6,17.1,1008.9,45,0,2.3,2.8,11.1
2018-03-14,157,24.8,36.2,17.0,1007.1,47,0,2.7,1.9,9.4
2018-03-15,143,25.0,34.1,17.2,1007.8,51,0,2.6,11.3,27.8
2018-03-19,136,24.6,34.4,15.0,1012.9,44,0,2.3,4.4,14.8
2018-03-20,156,26.1,35.0,16.5,1009.2,45,0,2.6,2.2,5.4
2018-03-21,182,26.1,35.0,21.0,1007.8,53,0,2.6,5.6,14.8
2018-03-25,152,25.7,32.3,18.5,1013.6,49,0,1.9,8.7,22.2
2018-03-26,146,26.3,33.6,19.5,1011.0,44,0,2.6,9.1,22.2
2018-03-27,143,27.1,36.8,17.3,1007.9,38,0,3.2,4.6,14.8
2018-03-31,158,26.9,36.2,20.0,1007.6,51,0,2.9,9.1,14.8
2017-10-01,144,28.8,36.0,22.0,1005.9,55,0,3.4,5.7,22.2
2017-10-02,124,29.9,36.4,21.9,1006.0,47,0,3.9,8.0,24.1
2017-10-03,143,30.5,36.4,21.3,1007.9,53,0,3.7,7.2,14.8
2017-10-07,155,29.6,36.0,21.6,1007.6,54,0,2.9,6.1,18.3
2017-10-08,176,28.8,35.8,22.4,1006.9,63,0,2.6,3.9,11.1
2017-10-09,170,29.6,36.0,22.5,1007.6,58,0,2.7,2.4,11.1
2017-10-13,190,29.0,35.0,21.6,1004.5,57,0,2.6,4.4,14.8
2017-10-14,183,28.8,36.4,21.5,1004.4,56,0,2.6,2.4,13
2017-10-15,219,28.2,36.5,19.2,1005.1,54,0,2.7,3.5,16.5
2017-10-19,224,28.5,36.0,19.4,1008.8,58,0,2.4,0.6,9.4
2017-10-20,524,27.8,36.3,20.5,1007.5,62,0,1.3,2.0,13
2017-10-21,290,25.9,35.3,18.4,1005.6,61,0,1.6,3.1,11.1
2017-10-25,240,23.8,33.0,17.0,1013.7,63,0,1.6,2.6,7.6
2017-10-26,207,23.8,33.1,16.1,1014.0,67,0,1.9,0.7,5.4
2017-10-27,213,23.8,33.2,17.3,1012.8,69,0,1.8,0.7,5.4
2017-12-20,405,16.4,23.7,9.6,1020.6,82,0,0.5,2.8,9.4
2017-12-21,413,17.4,25,12,1020.8,76,0,0.8,1.3,9.4
2017-12-25,347,13.5,25.1,7,1017.8,79,0,1,3.9,13
2017-12-26,309,14.4,23.2,7.1,1017.7,74,0,1.3,2,7.6
2017-12-27,284,15.1,25,7.6,1017.1,71,0,1.3,3.5,13
2017-12-31,370,-,-,-,-,-,-,-,-,-
2017-07-01,104,30.3,34.5,25.4,995.6,84,0,2.4,3.3,9.4
2017-07-02,66,28.1,35.1,26.0,996.9,91,-,1.9,6.5,14.8
2017-07-03,110,32.0,37.0,26.7,996.5,75,0,2.3,3.7,9.4
2017-07-07,115,31.3,35.8,25.2,1000.4,74,0,2.7,3.9,11.1
2017-07-08,112,31.9,36.5,28.2,999.1,72,0,2.4,6.3,13.0
2017-07-09,133,34.4,37.6,29.6,998.6,58,0,2.9,7.4,14.8
2017-07-13,67,31.1,35.0,27.0,999.4,69,0,3.2,7.8,14.8
2017-07-14,76,33.2,36.5,28.4,999.6,64,0,3.7,9.6,18.3
2017-07-15,80,31.6,36.4,28.4,1000.2,76,-,3.2,6.1,14.8
2017-07-19,122,34.1,38.0,28.0,997.6,64,-,2.7,5.0,18.3
2017-07-20,86,29.2,38.4,25.0,998.0,84,-,2.3,6.9,18.3
2017-07-21,66,32.5,36.0,28.0,997.5,70,0,3.1,10.0,18.3
2017-07-25,64,29.6,33.4,26.6,997.3,84,-,2.4,9.3,16.5
2017-07-26,65,31.6,35.0,26.4,999.1,74,0,3.2,8.9,13.0
2017-07-27,68,32.2,35.0,28.6,1000.7,69,0,3.7,9.3,16.5
2017-07-31,58,28.3,34.1,27.0,1001.1,89,-,2.1,4.6,18.3
2017-08-01,58,28.8,32.0,26.8,1001.6,84,-,2.3,9.6,18.3
2017-08-02,80,29.8,32.0,27.0,1000.2,78,0,2.7,10.2,14.8
2017-08-03,78,31.2,35.0,27.3,997.2,69,0,2.9,18.7,27.8
2017-08-07,135,29.8,36.1,26.0,1001.8,84,-,2.3,3.5,11.1
2017-08-08,108,31.7,36.0,26.5,1001.5,77,29.97,2.7,4.8,13.0
2017-08-09,121,29.2,35.6,27.0,999.3,87,0,1.6,3.5,18.3
2017-08-13,65,31.3,35.0,27.3,1001.2,68,0,2.9,13.1,22.2
2017-08-14,75,31.6,36.0,27.4,1003.3,63,0,3.7,7.2,14.8
2017-08-15,86,32.4,37.0,28.5,-,62,0,3.4,10.7,22.2
2017-08-19,96,27.9,37.8,26.0,1003.2,92,-,1.6,6.1,14.8
2017-08-20,73,32.0,36.0,26.5,1001.8,70,0,3.1,9.6,28.7
2017-08-21,76,32.1,36.0,28.3,1001.3,72,0,3.2,8.5,16.5
2017-08-25,146,31.1,35.0,27.2,999.9,76,-,2.4,3.9,11.1
2017-09-13,136,32.2,36.2,27.0,1006.2,63,0,2.9,4.6,11.1
2017-09-14,152,32.1,36.6,27.5,1005.6,67,0,2.4,3.0,7.6
2017-09-15,128,32.7,36.1,27.0,1005.1,53,0,2.9,6.7,14.8
2017-09-19,136,31.6,36.0,25.6,1002.8,59,0,2.6,1.1,7.6
2017-09-20,147,31.6,37.0,25.0,1002.9,57,0,2.7,3.0,11.1
2017-09-21,115,30.7,36.9,24.8,1002.7,69,0,2.9,6.9,11.1
2017-09-25,127,30.2,35.0,23.8,1004.5,67,0,3.1,8.9,14.8
2017-09-26,144,30.4,35.1,25.0,1005.7,66,0,3.4,5.7,18.3
2017-09-27,157,30.8,36.0,23.8,1005.9,58,0,3.1,2.6,11.1
2017-04-01,157,32.8,39,23.2,1004.7,36,0,3.2,11.1,22.2
2017-04-02,145,31.7,39.4,23,1004.2,34,0,3.5,10.7,25.9
2017-04-03,118,32.8,39,21.4,1004.9,30,0,3.7,10.7,22.2
2017-04-07,216,28.8,38,19.2,1008,32,0,1.9,5.9,18.3
2017-04-08,176,27.5,34.4,16.5,1010.8,28,0,2.7,10,20.6
2017-04-09,83,27.3,33.6,19,1010.8,29,0,3.9,13.3,25.9
2017-04-13,167,31.6,40,19.9,1006.3,27,0,2.9,5.6,11.1
2017-04-14,187,32.4,40.5,20.7,1004.5,33,0,2.3,2.6,9.4
2017-04-15,174,33,40.6,22,1002.1,29,0,3.2,8.5,24.1
2017-04-19,150,-,-,-,-,-,-,-,-,-
2017-04-20,155,-,-,-,-,-,-,-,-,-
2017-04-21,174,34.9,43.2,28.9,999.7,45,0,2.7,9.1,21.7
2017-04-22,174,33.5,40.2,28.5,1001.9,49,0,2.3,8.5,22.2
2017-04-23,162,33.9,40,26.8,1001.9,31,0,3.2,11.1,22.2
2017-04-27,131,32.6,38.2,22.5,1006.3,33,0,2.7,11.9,51.9
2017-04-28,137,32.2,38.5,24,1004.8,37,0,2.9,13.3,39.6
2017-04-29,99,32.1,39,24,1005.4,40,0,3.1,5.9,20.6
2017-05-01,96,32.2,38.1,23.1,1007.2,35,0,3.7,5.7,13.0
2017-05-02,161,32.3,39.6,22.0,1006.8,37,0,3.2,4.4,13.0
2017-05-03,179,32.6,40.0,24.4,1006.6,35,-,2.3,7.4,18.3
2017-05-07,195,36.6,44.0,25.3,1003.7,27,0,3.4,8.0,18.3
2017-05-08,186,36.6,44.1,27.6,1002.7,30,0,2.6,3.5,9.4
2017-05-09,153,35.6,42.8,28.0,1001.5,36,0,3.2,10.7,20.6
2017-05-13,170,36.0,41.8,27.5,1002.0,35,0,2.7,6.7,18.3
2017-05-14,162,37.2,43.0,27.8,999.8,28,0,3.1,6.7,14.8
2017-05-15,136,37.9,44.0,28.1,998.3,24,0,3.2,10.2,22.2
2017-05-19,126,32.3,40.2,27.4,1001.4,45,-,3.2,6.5,18.3
2017-05-20,138,34.0,41.4,28.4,1000.0,38,0,3.4,5.4,22.2
2017-05-21,182,31.2,39.0,24.0,1001.5,45,-,2.1,9.8,22.2
2017-05-25,138,36.4,41.6,28.5,999.1,36,0,3.4,4.3,11.1
2017-05-26,153,37.8,44.0,29.0,997.3,33,0,3.1,8.3,22.2
2017-05-27,129,35.3,43.9,29.3,998.0,46,0,3.9,13.3,18.3
2017-05-31,112,29.4,37.0,26.0,1000.2,69,-,2.9,9.4,20.6
2017-06-01,155,32.9,37.0,24.9,1000.7,52,0,2.4,5.0,14.8
2017-06-02,168,34.9,40.0,26.0,999.4,38,0,2.6,6.7,13.0
2017-06-03,149,37.3,42.5,28.7,996.6,32,0,3.4,12.2,35.2
2017-06-07,81,31.7,43.0,26.0,1003.5,51,-,3.2,14.3,37.0
2017-06-08,102,30.3,37.2,25.0,1002.1,62,-,3.5,8.9,18.3
2017-06-09,143,32.9,37.0,26.4,1000.6,53,0,2.7,4.8,13.0
2017-06-13,107,36.6,42.0,28.1,997.5,33,0,3.5,13.3,29.4
2017-06-14,120,36.1,42.0,29.0,1000.4,37,0,2.9,12.8,43.2
2017-06-15,138,34.7,41.6,28.6,998.9,39,0,3.1,11.3,22.2
2017-06-19,119,30.2,37.0,24.0,998.0,72,-,3.2,10.2,27.8
2017-06-20,81,27.6,37.4,23.2,998.3,79,-,2.6,5.6,14.8
2017-06-21,132,27.7,32.2,23.7,999.0,85,-,2.4,6.7,13.0
2017-06-25,148,35.7,39.0,30.0,997.7,58,0,3.1,6.7,13.0
2017-06-26,125,35.2,39.4,30.4,998.9,62,0,3.4,7.6,18.3
2017-06-27,99,35.6,39.0,30.5,998.5,59,0,3.4,9.4,18.3
2017-01-02,241,17.4,24.0,9.3,1018.9,81,0,1.3,2.2,9.4
2017-01-03,263,16.7,24.3,9.5,1018,82,0,1.0,4.1,13.0
2017-01-07,192,14.7,24.4,13.5,1012.2,96,-,1.0,10.0,22.2
2017-01-08,188,15.4,20.0,10.2,1015.5,84,0,1.1,2.2,7.6
2017-01-09,203,14.1,20.2,8.6,1015.8,82,0,1.1,5.0,13.0
2017-01-13,294,12.1,19.0,4.3,1017.8,70,0,1.4,6.1,14.8
2017-01-14,327,12.6,19.5,3.2,1019.2,78,0,1.3,5.2,11.1
2017-01-15,232,16.4,24.0,8.6,1017.3,73,0,1.3,3.3,7.6
2017-01-19,210,14.0,21.0,6.4,1023.1,76,0,1.6,10.2,16.5
2017-01-20,170,14.7,21.3,6.0,-,68,0,1.8,10.2,18.3
2017-01-21,292,14.7,20.8,7.0,1021.4,72,0,1.0,6.1,14.8
2017-01-25,260,19.8,25.6,12.5,1018.2,74,-,1.1,7.8,24.1
2017-01-26,183,16.2,25.1,14.5,1017.1,92,-,0.8,8.0,22.2
2017-01-27,128,16.1,20.0,13.2,1019.1,80,-,1.8,11.9,18.3
2017-01-31,207,17.3,23.2,9.8,1016,71,0,1.4,4.6,16.5
2017-02-01,185,16.2,23.4,9.4,1017.9,75,0,1.3,8.0,16.5
2017-02-02,235,17.0,24.0,8.6,1019.2,66,0,1.6,2.8,7.6
2017-02-03,254,17.9,25.0,9.5,1017.3,68,0,1.6,3.3,11.1
2017-02-07,157,16.1,23.5,8.6,1015.9,62,0,2.9,10.2,18.3
2017-02-08,188,16.8,24.0,9.0,1015.2,63,0,1.8,5.7,18.3
2017-02-09,183,16.7,24.2,9.4,1016.4,66,0,1.8,10.6,27.8
2017-02-13,179,18.2,25.0,8.9,1021.9,59,0,2.3,7.6,18.3
2017-02-14,190,18.6,29.0,10.2,1021.3,59,0,1.8,10.2,18.3
2017-02-15,191,19.7,27.0,9.8,1020.3,58,0,2.4,8.7,32.4
2017-02-19,167,24.1,31.0,15.6,1011.1,57,0,3.1,7.2,14.8
2017-02-20,164,24.8,32.0,16.4,1005.0,56,0,2.4,6.3,14.8
2017-02-21,162,20.9,32.4,15.7,1008.2,74,0,1.9,12.0,24.1
2017-02-25,131,21.4,28.0,13.5,1013.6,47,0,3.1,18.5,35.2
2017-02-26,159,20.4,28.1,12.4,1012.5,55,0,2.6,16.1,29.4
2017-02-27,153,21.2,29.0,11.0,1014.2,52,0,3.2,8.0,16.5
2017-03-01,162,24.7,32.5,18.0,1012.1,49,0,2.6,5.0,11.1
2017-03-02,169,22.8,30.5,16.5,1011.1,59,0,1.9,4.4,11.1
2017-03-03,115,21.3,28.5,12.5,1010.6,41,0,3.1,8.3,22.2
2017-03-07,158,23.4,30.0,12.0,1008.3,41,0,2.6,5.9,14.8
2017-03-08,113,22.8,30.7,17.6,1008.0,54,-,2.9,12.0,22.2
2017-03-09,117,20.7,28.2,14.6,1007.6,67,-,2.6,8.1,18.3
2017-03-13,125,18.4,24.0,9.0,1015.3,49,0,3.2,9.1,20.6
2017-03-14,132,19.6,26.0,9.1,1016.4,50,0,2.7,6.5,22.2
2017-03-15,164,21.4,28.0,10.5,1013.7,50,0,2.4,8.5,22.2
2017-03-19,147,23.6,30.0,15.6,1011.7,57,0,2.6,7.6,18.3
2017-03-20,172,24.2,30.0,15.4,1012.2,53,0,2.7,11.3,24.1
2017-03-21,166,26.6,34.0,16.2,1011.6,47,0,2.9,10.9,22.2
2017-03-25,132,27.8,35.0,17.7,1010.4,41,0,3.4,12.8,27.8
2017-03-26,138,29.1,35.0,20.8,1009.8,38,0,3.2,16.1,35.2
2017-03-27,144,30.6,37.0,21.8,1009.5,41,0,3.1,13.1,27.8
2017-03-31,138,31.2,38.5,23.3,1007.5,41,0,2.9,8.3,18.3
2016-10-01,170,31.9,36.0,26.5,1007.2,66,0,2.3,2.4,7.6
2016-10-02,142,32.4,36.4,27.5,1007.8,65,0,3.1,3.5,11.1
2016-10-03,159,32.7,36.1,27.7,-,64,0,2.6,3.3,7.6
2016-10-07,174,30.3,35.0,24.7,1007.3,62,0,2.3,7.6,18.3
2016-10-08,167,29.9,35.0,23.0,1006.3,60,0,2.6,6.7,24.1
2016-10-09,182,30.0,36.0,22.5,1004.9,63,0,2.6,3.0,7.6
2016-10-13,126,28.6,35.0,19.8,1008.2,49,0,3.7,11.5,22.2
2016-10-14,136,28.3,35.2,19.0,1009.4,53,0,3.4,9.1,35.9
2016-10-15,178,26.8,35.2,17.5,1010.4,57,0,2.6,5.7,13.0
2016-10-19,156,27.6,35.0,17.6,1007.6,53,0,3.1,5.9,13.0
2016-10-20,144,27.7,35.0,18.6,1006.9,52,0,3.1,7.8,28.7
2016-10-21,130,27.3,35.0,19.0,1007.8,55,0,3.2,7.2,27.8
2016-10-25,140,27.2,34.5,19.5,1009,58,0,3.1,11.1,25.9
2016-10-26,192,26.4,33.0,18.4,1012.4,60,0,2.6,4.6,14.8
2016-10-27,292,25.4,33.4,16.5,1014.3,62,0,1.6,5.0,14.8
2016-10-31,579,23.7,31.7,15.5,1017.7,69,0,1.0,1.3,5.4
2016-11-01,445,23.4,31.1,14.2,1016,60,0,1.1,3,7.6
2016-11-02,558,22.6,30.6,15.8,1015.4,69,0,0.5,1.1,5.4
2016-11-03,637,23.9,32,14.5,1015.6,63,0,1,2,5.4
2016-11-07,573,23.2,30.2,14,1012.6,55,0,1.1,7.4,18.3
2016-11-08,408,22.5,29.5,15.6,1013.3,56,0,1.1,11.7,22.2
2016-11-09,358,21.7,30,12.2,1014.5,52,0,1.1,6.3,16.5
2016-11-11,323,-,-,-,-,-,-,-,-,-
2016-11-14,221,22.2,30.2,13.6,1015.6,63,0,1.6,1.5,3.5
2016-11-15,253,20.8,29.3,12.1,1016.7,58,0,1.8,3.5,9.4
2016-11-16,299,20.7,28.8,10.6,1017.8,56,0,1.8,6.1,16.5
2016-11-20,262,20.8,29,10.5,1013.9,61,0,1.8,2.6,7.6
2016-11-21,254,22,31,10.7,1013.2,56,0,1.8,2.4,14.8
2016-11-22,184,21.4,30.6,10.8,1011.9,54,0,2.6,7.8,18.3
2016-11-26,161,24.2,31,16.5,1013,36,0,2.9,13.9,22.2
2016-11-27,169,22.7,30.8,13.6,1012,38,0,3.4,11.9,20.6
2016-11-28,157,21.4,29.6,12.7,1013.7,40,0,2.6,8,20.6
2016-12-01,324,19.2,25.9,11.9,1017,84,0,0.8,2.6,9.4
2016-12-02,332,18.9,25.8,11.5,1017.9,77,0,0.6,5,13
2016-12-03,236,19.3,27,11.7,1019.6,57,0,1.8,5.2,11.1
2016-12-07,320,17.8,24.8,11.2,1017,74,0,0.6,0.7,7.6
2016-12-08,300,15.8,24.3,8.7,1015.8,77,0,0.8,1.7,7.6
2016-12-09,283,18.2,27,7.7,1013.7,72,0,0.6,1.1,7.6
2016-12-13,230,19,27.1,10.5,1015.1,61,0,1.6,3.3,9.4
2016-12-14,204,18,26.6,10.5,1017.1,61,0,1.9,8,14.8
2016-12-15,210,17.2,24.2,10,1017.2,58,0,1.6,9.3,22.2
2016-12-19,296,16.3,23,6.6,1016.9,61,0,1,9.4,20.6
2016-12-20,216,18.1,24,11.2,1015.4,56,0,1.8,15.9,25.9
2016-12-21,183,17.8,25,10.7,1015.8,54,0,2.3,9.4,22.2
2016-12-25,316,13.9,24.5,11.4,1015,95,0,0.6,8.7,14.8
2016-12-26,241,16.3,23,9.8,1016.9,78,0,1.1,7.4,16.5
2016-12-27,232,16.3,23.4,9,1017.3,68,0,1.3,7.8,18.3
2016-12-31,258,-,-,-,-,-,-,-,-,-
2017-01-01,222,15.6,23.0,9.0,1016.4,87,0,1.3,2.4,11.1
2016-07-01,98,32.2,39.8,25.4,995.4,73,-,2.3,8.3,14.8
2016-07-02,75,28.4,36.6,24.4,998.1,82,0,2.4,5.2,9.4
2016-07-07,107,33.6,36.7,28.8,996.7,66,0,5.8,5.9,11.1
2016-07-08,125,30.7,36.9,28.8,996.8,78,-,2.3,5.4,27.8
2016-07-09,128,33.3,37.0,27.8,996.2,68,0,2.6,6.7,11.1
2016-07-13,97,31.1,34.2,27.8,997.8,78,-,2.6,6.9,24.1
2016-07-14,99,30.4,35.4,26.7,997.8,82,-,2.1,5.2,14.8
2016-07-15,87,31.0,35.2,26.0,997.9,80,-,2.4,7.2,18.3
2016-07-19,78,32.4,35.2,26.2,999.0,72,0,2.9,13.5,25.9
2016-07-20,95,34.1,37.0,28.5,998.5,63,0,3.2,13.0,22.2
2016-07-21,85,34.1,37.2,29.0,998.4,61,0,2.6,11.5,22.2
2016-07-25,153,31.9,35.0,28.3,1001.3,72,0,2.1,2.8,9.4
2016-07-26,131,30.3,35.0,27.6,1002.6,83,5.08,2.3,6.5,16.5
2016-07-27,104,28.3,35.8,26.8,1003.9,89,-,1.6,4.3,11.1
2016-07-31,113,29.2,31.0,26.0,1000.0,85,0,1.8,4.6,13.0
2016-08-01,79,29.1,32.6,26.4,998.6,85,-,1.8,5.9,13.0
2016-08-02,78,30.9,35.0,26.0,997.4,73,-,2.6,6.5,11.1
2016-08-03,69,32.6,36.0,26.2,997.8,66,0,3.4,5.6,9.4
2016-08-07,87,33.3,36.0,26.4,999.7,67,0,3.2,7.8,18.3
2016-08-08,79,33.4,36.5,28.6,999.9,66,0,2.9,9.8,16.5
2016-08-09,77,31.2,36.7,28.0,997.8,75,-,2.7,9.1,14.8
2016-08-13,108,29.9,34.0,25.5,1000.2,80,-,1.4,3.3,11.1
2016-08-14,95,29.0,33.7,26.0,999.1,85,-,2.1,6.5,22.2
2016-08-15,103,31.3,34.5,27.0,997.6,71,0,3.2,12.2,22.2
2016-08-19,117,31.7,34.0,26.4,999,71,0,2.6,2.0,11.1
2016-08-20,88,32.6,36.0,27.6,999.6,70,0,2.7,10.6,20.6
2016-08-21,61,31.2,35.9,26.1,1000.4,71,0,3.2,8.7,18.3
2016-08-25,86,31.0,35.0,26.8,1004.1,76,-,2.6,6.1,14.8
2016-08-26,121,30.8,35.2,26.8,1005,76,-,2.7,3.7,18.3
2016-08-27,99,31.4,36.0,25.5,-,73,0,3.1,6.5,13.0
2016-08-31,73,27.3,33.3,24.0,1002.4,89,-,2.1,7.8,27.8
2016-09-01,63,27.8,31.0,25.2,1001.3,88,62.99,2.4,4.6,7.6
2016-09-02,97,30.7,34.0,25.5,1000.1,73,6.1,2.6,13.7,22.2
2016-09-03,98,30.7,34.0,25.0,1000.5,65,0,3.4,12.0,27.8
2016-09-07,89,31.1,35.0,25.0,1003.1,64,0,3.2,10.4,18.3
2016-09-08,93,31.3,35.0,26.0,1004.6,63,0,3.2,11.5,18.3
2016-09-09,95,31.5,35.5,26.1,-,60,0,3.2,13.5,22.2
2016-09-13,108,31.4,36.0,26.7,1006.7,65,0,3.1,8.3,13
2016-09-14,93,30.4,35.6,25.7,1006.5,72,-,2.9,4.3,14.8
2016-09-15,153,31.6,35.0,25.7,1005.3,63,0,2.6,3.7,-
2016-09-19,147,31.7,37.1,26.0,1003.2,63,0,2.9,1.7,5.4
2016-09-20,165,32.5,37.2,25.3,1003,59,0,3.1,1.7,7.6
2016-09-21,154,32.6,37.4,27.0,1005.8,63,0,2.6,6.3,13
2016-09-25,130,30.7,34.8,25.6,1004.5,66,0,2.6,3.3,11.1
2016-09-26,150,31.2,35.0,25.2,-,63,0,2.7,3.0,9.4
2016-09-27,124,31.4,35.2,26.0,1005.8,62,0,3.1,2.0,7.6
2016-04-01,145,30.4,37.5,21.6,1006.3,41,0,2.6,12,27.8
2016-04-02,124,32.3,39,21.5,1007.3,39,0,3.4,5.4,13
2016-04-03,186,33.4,39.1,24.8,1008,47,0,2.1,2.6,7.6
2016-04-07,164,29.5,36.9,21.5,1007.2,41,0,2.3,11.3,16.5
2016-04-08,103,29.3,36,18.8,1008.8,37,0,3.2,4.8,11.1
2016-04-09,161,30.9,37,19,1008.9,33,0,2.6,6.9,14.8
2016-04-13,111,31.6,38,23.2,1002.6,30,0,3.1,18.7,35.2
2016-04-14,132,33.1,39,24,1003,26,0,2.6,10.4,24.1
2016-04-15,158,33.6,40,23,1003.8,27,0,2.4,9.8,18.3
2016-04-16,150,-,-,-,-,-,-,-,-,-
2016-04-20,148,34,40.6,26.3,1005.5,29,0,2.6,13.9,22.2
2016-04-21,134,33.9,39.6,25.8,1002.7,28,0,2.7,15.7,29.4
2016-04-22,152,33.3,39.4,24.8,1000.7,28,-,3.1,8.3,18.3
2016-04-26,176,33.4,40,21.2,1006.3,27,0,2.6,3.7,14.8
2016-04-27,194,33.2,40.3,22.2,1005.1,29,0,2.3,5,14.8
2016-04-28,272,34,40.7,22.2,1004.6,24,0,2.4,11.9,22.2
2016-05-01,212,34.7,41.5,22.0,1001.7,24,0,2.3,8.5,16.5
2016-05-02,158,38.0,44.0,23.8,1001.1,20,0,2.6,9.6,29.4
2016-05-03,154,35.4,44.0,28.0,1003.2,35,0,2.7,6.5,18.3
2016-05-07,141,33.2,38.0,25.0,1004.6,41,0,2.7,4.6,9.4
2016-05-08,159,35.1,39.2,25.3,1005.1,40,0,2.4,7.2,11.1
2016-05-09,162,33.8,39.8,27.6,1005.5,44,0,2.4,9.8,16.5
2016-05-13,142,37.1,42.0,27.5,1000.7,30,0,2.9,8.3,18.3
2016-05-14,148,36.5,43.0,27.0,1001.8,35,0,2.6,4.1,22.2
2016-05-15,171,37.3,42.4,27.4,1002.4,32,0,2.6,4.8,14.8
2016-05-19,163,37.3,43.7,28.6,997.4,44,0,2.6,9.4,22.2
2016-05-20,140,37.3,42.8,31.2,996.2,49,0,2.6,8.3,14.8
2016-05-21,147,36.2,41.5,30.7,995.3,50,0,2.9,10.9,18.3
2016-05-25,163,32.9,39.0,27.4,996.6,50,-,2.4,9.4,27.8
2016-05-26,165,34.6,39.0,26.0,998.4,49,0,2.4,6.7,16.5
2016-05-27,201,37.4,41.0,30.6,998.8,31,0,1.9,14.1,27.8
2016-05-31,138,32.7,37.5,24.7,1002.3,55,0,2.4,7.4,18.3
2016-06-01,120,36.0,40.0,26.6,1001.7,46,0,3.1,9.1,22.2
2016-06-02,116,37.7,42.0,30.7,1000.9,37,0,2.6,11.9,22.2
2016-06-03,162,37.6,43.0,28.7,1001.2,42,0,2.4,2.8,11.1
2016-06-07,124,34.6,40.3,28.7,1001.1,51,0,2.7,10.2,25.9
2016-06-08,132,35.9,41.0,28.6,998.6,50,0,2.6,8.5,18.3
2016-06-09,134,35.7,41.2,30.0,997.6,48,0,2.3,9.3,27.8
2016-06-13,149,36.0,41.0,27.6,997.7,46,-,2.4,12.8,25.9
2016-06-14,98,32.6,40.7,26.0,996.9,59,-,2.6,11.9,29.4
2016-06-15,155,34.7,38.0,30.5,995.4,55,0,2.4,10.4,18.3
2016-06-19,111,35.6,40.0,30.0,1000.7,57,0,3.1,9.4,25.9
2016-06-20,105,31.1,40.1,26.0,999.8,74,-,2.4,7.6,14.8
2016-06-21,94,32.9,38.6,27.0,999.7,64,0,2.4,8.9,16.5
2016-06-25,151,35.5,39.9,31.2,999.7,60,0,2.4,9.8,18.3
2016-06-26,143,34.9,39.6,29.6,999.6,61,0,2.4,7.8,14.8
2016-06-27,149,34.4,39.4,26.0,998.3,63,0,2.3,8.0,14.8
2016-01-07,467,18.3,24.7,11.5,1018.1,85,0,0.5,1.1,7.6
2016-01-08,432,16.5,24.7,12.0,1017.4,82,0,0.6,8.0,13.0
2016-01-09,268,16.6,22.2,10.2,1015.4,65,0,1.8,10.0,20.6
2016-01-13,347,18.2,25.1,12.0,1014.4,77,-,0.6,5.0,11.1
2016-01-14,301,15.6,23.2,10.9,1015.6,82,0,0.6,4.3,9.4
2016-01-15,237,13.0,19.0,9.6,1016.9,85,0,0.8,10.7,16.5
2016-01-19,351,12.3,19.0,8.9,1015.8,91,0,0.5,4.6,9.4
2016-01-20,339,11.9,15.7,7.5,1018.9,86,0,0.8,6.1,11.1
2016-01-21,257,12.0,17.0,6.7,1019.8,75,0,1.3,7.6,13.0
2016-01-25,293,11.7,18.0,6.4,1017.3,76,0,0.8,4.4,13.0
2016-01-26,384,14.6,21.0,6.8,1015.6,81,0,0.6,2.4,7.6
2016-01-27,325,17.7,24.0,9.0,1014.5,69,0,1.4,4.4,9.4
2016-01-31,314,17.4,27.2,12.2,1016.4,79,0,1.1,7.8,18.3
2016-02-01,184,15.9,22.4,8.4,1017.6,66,0,2.4,7.2,16.5
2016-02-02,195,15.2,22.6,6.6,1018.2,56,0,1.9,8.9,22.2
2016-02-03,220,12.7,19.5,8.0,1017.6,69,0,1.3,8.3,18.3
2016-02-07,247,15.6,24.6,10.7,1015.7,81,0,1.3,2.8,9.4
2016-02-08,195,17.1,23.2,9.0,1017.1,69,0,1.8,5.9,11.1
2016-02-09,255,17.6,24.0,10.1,1014.8,67,0,1.4,5.9,14.8
2016-02-13,164,17.2,26.0,11.5,1014.7,65,0,2.3,5.7,14.8
2016-02-14,172,17.7,24.4,9.7,1017.0,64,0,2.1,8.0,18.3
2016-02-15,174,17.4,24.4,10.1,1018.9,61,0,2.3,6.1,11.1
2016-02-19,268,23.1,30.0,15.6,1014.9,71,-,1.4,4.1,9.4
2016-02-20,213,23.7,29.8,18.7,1014.0,75,-,1.4,11.1,18.3
2016-02-21,143,20.9,27.8,15.8,1014.4,62,0,2.6,17.2,27.8
2016-02-25,182,22.6,30.3,11.5,1015.4,57,0,2.4,5.4,11.1
2016-02-26,189,22.7,30.4,12.8,1017.7,56,0,2.6,2.4,7.6
2016-02-27,207,22.7,30.6,13.0,1018.4,58,0,2.4,3.3,7.6
2016-03-01,253,25.0,31.0,15.0,1015.7,59,0,1.9,1.7,5.4
2016-03-02,195,24.9,32.4,15.2,1015.0,57,0,1.9,1.7,9.4
2016-03-03,190,26.8,33.4,15.7,1014.5,52,0,2.4,4.6,9.4
2016-03-07,168,23.7,29.1,15.8,1011.9,67,0,2.1,5.2,11.1
2016-03-08,147,23.4,29.1,17.0,1011.4,63,0,2.1,6.7,16.5
2016-03-09,182,24.3,29.0,15.6,1011.7,56,0,1.9,10.0,18.3
2016-03-13,71,24.3,31.0,16.8,1010.8,66,0,3.4,6.9,14.8
2016-03-14,97,22.4,29.5,17.1,1014.1,68,-,3.4,6.3,16.5
2016-03-15,143,24.1,29.2,14.5,1014.4,59,0,2.4,8.5,18.3
2016-03-21,71,26.5,32.8,19.5,1010.5,45,0,2.9,12.2,25.9
2016-03-25,181,29.8,36.2,18.2,1012.7,52,0,2.4,3.3,7.6
2016-03-26,108,24.7,36.6,19.7,1012.8,66,0,2.4,9.4,14.8
2016-03-27,96,26.2,32.0,19.5,1012.5,56,0,3.1,9.1,14.8
2016-03-31,151,29.9,37.0,19.5,1008.3,39,0,2.7,4.4,9.4
2015-10-01,136,28.1,35.3,21.5,1011.8,56,0.0,2.6,5.6,13
2015-10-02,149,28.3,35.5,20.6,1011.1,57,0.0,3.2,5.0,-
2015-10-03,143,30.1,36.1,23.7,1007.8,58,0.0,3.1,5.7,-
2015-10-07,180,28.6,35.6,22.7,1009.0,72,0.0,1.9,6.5,18.3
2015-10-08,170,28.5,35.4,23.2,1007.3,70,0.0,1.9,4.4,14.8
2015-10-09,151,28.6,36.0,21.8,1004.3,65,0.0,1.9,6.1,24.1
2015-10-13,164,29.6,35.5,25.0,1011.0,69,0.0,1.9,3.7,9.4
2015-10-14,156,28.2,34.9,22.9,1012.7,70,0.0,1.9,3.9,9.4
2015-10-15,163,27.6,34.9,21.5,1013.6,71,0.51,1.8,0.4,3.5
2015-10-19,220,28.2,36.1,21.9,1011.7,70,0.0,1.9,3.5,9.4
2015-10-20,212,27.7,36.2,22.9,1009.9,69,0.0,1.9,3.0,9.4
2015-10-21,221,26.6,36.2,21.0,1012.0,68,0.0,1.6,2.0,7.6
2015-10-26,153,25.4,34.4,20.3,1015.0,59,0.0,1.9,5.6,16.5
2015-10-27,176,24.7,33.3,18.5,1014.0,61,0.0,2.3,3.5,7.6
2015-10-31,263,22.3,29.8,15.6,1016.0,73,0.0,1.6,1.1,5.4
2015-11-01,271,22.9,31.4,16.2,1016.1,73,0,1.4,0.9,3.5
2015-11-02,224,23.4,31.8,17.3,1015.8,75,0,1.6,0.4,3.5
2015-11-03,257,23.9,31.8,18.6,1014.2,73,0,1.8,0.4,1.9
2015-11-07,413,21.9,30.2,16.1,1014.8,79,0,0.5,1.1,7.6
2015-11-08,298,21.9,29.0,17.1,1016.0,75,0,1.1,1.9,5.4
2015-11-09,231,22.1,29.8,16.1,1015.0,77,0,1.3,0.7,3.5
2015-11-13,390,22.3,29.3,16.1,1014.9,64,0,0.8,5.4,18.3
2015-11-14,317,22.4,29.8,16.5,1012.0,65,0,1.1,3.5,13
2015-11-15,265,22.6,32.0,15.0,1011.9,66,0,1.6,0.0,-
2015-11-19,254,18.5,27.7,11.5,1017.6,68,0,1.3,0.9,7.6
2015-11-20,316,18.6,27.7,11.4,1016.4,69,0,1.1,0.4,3.5
2015-11-21,325,18.8,28.5,11.5,1015.4,69,0,0.8,1.3,3.5
2015-11-25,223,19.3,28.0,13.0,1014.7,61,0,1.9,5.7,18.3
2015-11-26,212,20.0,29.1,11.9,1012.6,64,0,1.4,0.9,7.6
2015-11-27,243,18.4,29.1,13.5,1011.4,71,0,1.3,2.6,7.6
2015-12-01,267,19.3,28,13.8,1014.7,81,0,0.6,1.7,7.6
2015-12-02,247,17.9,26.2,13.5,1016.2,75,0,0.8,2,11.1
2015-12-03,279,17.6,24.6,11.2,1016.1,75,0,0.8,7,18.3
2015-12-07,332,17.8,26.2,11,1017.1,79,0,0.6,2,7.6
2015-12-08,338,20.2,27,12,1015.8,68,0,1,1.3,5.4
2015-12-09,352,19.2,26.9,11.6,1015.4,78,0,1,4.8,14.8
2015-12-13,224,14.8,21,6.8,1016.4,63,0,2.4,5.4,13
2015-12-14,227,14.6,21.3,6,1017.1,59,0,2.6,8.1,14.8
2015-12-15,216,15.2,22.2,7,1016.5,60,0,2.4,7,14.8
2015-12-19,302,14.4,21.1,6.8,1019.1,65,0,1.6,5.6,13
2015-12-20,310,12.6,21,0,1018.9,68,0,1.4,2.6,9.4
2015-12-21,310,13.7,21,5.6,1018.8,71,0,1.3,1.5,7.6
2015-12-25,236,13.3,19.3,5.5,1021.9,62,0,1.9,7.8,14.8
2015-12-26,262,14.4,21.5,5.5,1021,60,0,1.8,8.9,18.3
2015-12-27,307,16.3,22.5,7.6,1020.6,64,0,1.4,8.1,14.8
2016-01-03,342,14.9,22.8,8.0,1018.4,73,0,1.1,5.9,13.0
2015-07-01,110,31.9,37.8,25.0,1001.8,61,0.0,1.9,4.3,9.4
2015-07-02,102,33.8,38.9,27.0,1001.1,54,0.0,1.9,7.0,13.0
2015-07-03,105,33.4,39.8,27.6,999.7,54,0.0,1.9,13.0,25.9
2015-07-07,69,28.3,33.6,23.3,998.4,87,10.92,1.9,1.7,7.6
2015-07-08,125,31.2,35.8,24.8,998.6,77,26.92,1.9,2.8,11.1
2015-07-09,113,29.7,35.8,25.2,998.9,82,1.02,1.9,2.6,9.4
2015-07-13,77,29.9,33.7,23.3,1000.6,78,7.11,2.6,4.8,11.1
2015-07-14,96,31.1,35.6,26.4,998.5,73,0.0,1.9,10.9,18.3
2015-07-19,124,30.1,34.7,26.0,997.7,76,2.03,1.9,0.7,5.4
2015-07-20,87,29.1,34.7,24.4,999.2,82,3.05,1.9,4.8,11.1
2015-07-21,74,31.5,35.7,25.7,999.9,74,4.06,1.9,8.1,13.0
2015-07-27,34,29.7,34.7,24.6,1000.2,74,4.06,2.7,11.3,18.3
2015-07-31,55,28.9,31.6,25.0,999.7,77,0.51,1.9,4.1,14.8
2015-08-01,63,28.4,32.6,25.4,1002.7,77,2.03,1.9,0.9,7.6
2015-08-02,78,29.8,33.9,25.0,1003.5,75,0.25,1.9,2.6,7.6
2015-08-03,75,31.6,35.5,25.4,1001.9,63,0.0,1.9,5.4,11.1
2015-08-07,92,29.4,34.4,26.4,999.9,86,0.0,1.8,2.2,14.8
2015-08-08,120,28.8,34.4,25.3,1001.7,88,16.0,1.6,1.7,7.6
2015-08-09,92,27.5,30.8,25.0,1000.2,92,29.97,1.3,3.0,7.6
2015-08-13,118,31.9,35.8,28.0,1001.8,75,0.0,1.9,0.4,3.5
2015-08-14,117,30.9,35.8,28.6,1001.8,78,0.0,1.9,3.3,14.8
2015-08-15,88,28.5,33.8,26.2,1002.7,88,7.87,1.4,0.0,-
2015-08-19,47,31.6,35.6,25.8,1002.7,67,2.03,2.9,13.0,22.2
2015-08-20,57,30.9,35.5,27.7,1001.5,66,0.0,1.9,14.6,27.8
2015-08-21,70,29.5,34.5,27.6,1002.0,77,7.11,1.9,8.5,18.3
2015-08-25,81,32.0,35.6,27.0,1000.9,64,0.0,3.4,10.0,20.6
2015-08-26,86,31.9,36.2,28.0,1001.1,68,0.0,2.6,4.8,14.8
2015-08-27,102,32.4,36.9,28.1,1001.9,68,0.0,2.7,5.4,11.1
2015-08-31,80,32.2,36.8,28.4,1002.0,61,0.0,2.6,14.6,24.1
2015-09-01,108,32.1,36.6,28.0,1000.8,56,0.0,1.9,15.4,25.9
2015-09-02,147,31.9,36.6,27.5,1001.7,54,0.0,1.9,12.8,24.1
2015-09-03,150,31.4,36.5,27.6,1005.5,56,0.0,1.9,11.7,25.9
2015-09-07,100,31.5,36.9,26.6,1005.7,53,0.0,1.9,9.4,22.2
2015-09-08,110,31.9,36.9,26.8,1005.8,54,0.0,2.7,11.9,35.2
2015-09-09,99,31.0,36.7,26.4,1005.7,54,0.0,2.6,10.2,31.7
2015-09-13,158,32.2,37.9,27.3,1005.8,61,0.0,1.9,1.3,3.5
2015-09-14,169,31.8,37.9,26.8,1003.5,59,0.0,1.9,2.6,9.4
2015-09-15,167,32.9,38.0,27.5,1003.3,62,0.0,1.9,0.4,3.5
2015-09-19,134,30.4,35.9,26.0,1003.6,78,22.1,1.6,2.0,7.6
2015-09-20,117,29.1,34.8,27.2,1003.4,76,0.0,1.9,4.6,11.1
2015-09-21,72,30.2,36.5,26.2,1002.3,70,0.0,1.9,5.7,14.8
2015-09-25,112,28.4,33.9,23.5,1003.8,55,0.0,2.6,8.5,20.6
2015-09-26,121,29.4,35.1,23.7,1005.3,60,0.0,2.3,6.3,14.8
2015-09-27,138,28.6,35.2,25.0,1007.2,64,0.0,2.3,3.0,9.4
2015-04-01,152,26.4,32.5,20.3,1007.4,64,0,1.9,2.4,9.4
2015-04-02,156,28.7,34.7,21.0,1004.7,53,-,1.9,9.4,18.3
2015-04-03,105,24.4,34.7,19.0,1004.6,76,6.1,3.1,7.0,14.8
2015-04-07,140,23.9,31.4,19.2,1010.2,69,0,1.9,9.8,13.0
2015-04-08,154,25.2,32.2,18.2,1012.0,56,0,2.6,6.7,16.5
2015-04-09,146,25.8,32.5,18.6,1010.3,58,0,2.7,9.1,24.1
2015-04-13,134,24.9,32.2,19.0,1013.7,74,0,2.3,7.0,13.0
2015-04-14,128,26.4,32.5,20.0,1012.8,68,2.03,2.6,3.0,11.1
2015-04-15,131,27.6,34.3,20.8,1013.0,65,0,3.1,5.9,14.8
2015-04-19,165,32.0,40.6,21.6,1003.9,45,0,2.7,4.3,9.4
2015-04-20,172,32.8,40.6,26.0,1005.8,45,0,1.9,7.2,11.1
2015-04-21,152,31.8,39.6,25.4,1005.6,35,0,1.9,11.1,27.8
2015-04-25,159,30.4,39.1,22.2,1005.9,51,0,1.9,13.0,22.2
2015-04-26,90,28.8,37.1,22.8,1008.0,59,0,1.9,15.7,25.9
2015-04-27,127,30.2,37.1,23.5,1006.7,59,0,1.9,17.6,33.5
2015-05-01,116,31.2,39.4,24.2,1005.8,52,-,2.7,5.4,14.8
2015-05-02,129,30.2,37.6,23.6,1006.3,47,0.25,2.6,4.4,11.1
2015-05-03,176,30.9,38.9,21.7,1006.7,44,0,2.7,3.0,11.1
2015-05-07,156,35.7,42.7,27.6,1003.4,21,0,1.9,14.4,27.8
2015-05-08,158,34.1,42.7,27.0,1003.2,29,0,1.9,12.2,27.8
2015-05-09,161,35.1,42.7,25.7,1001.6,35,0,2.3,8.3,18.3
2015-05-13,129,28.3,38.7,23.8,1006.5,65,2.03,2.4,7.8,14.8
2015-05-14,133,29.9,35.9,22.0,1007.4,56,0,2.6,4.4,11.1
2015-05-15,141,28.7,35.8,24.2,1006.5,58,0.51,1.9,7.0,18.3
2015-05-19,103,31.4,41.5,24.9,1002.2,50,0,1.8,14.8,50.0
2015-05-20,132,33.2,41.5,22.4,1002.0,38,0,2.4,14.6,22.2
2015-05-21,146,35.8,42.6,27.0,1000.4,30,0,2.6,11.3,24.1
2015-05-25,154,37.8,45.5,28.0,996.7,29,0,2.6,10.9,22.2
2015-05-26,150,35.3,45.5,24.4,999.2,33,-,2.3,17.0,55.4
2015-05-27,137,33.8,45.0,24.8,1001.3,26,0,2.6,6.7,18.3
2015-05-31,131,35.3,40.6,28.9,1000.7,30,0,1.9,15.2,27.8
2015-06-01,91,30.1,40.6,23.5,1002.2,47,0.0,1.9,14.3,29.4
2015-06-02,61,31.6,39.9,22.2,1003.4,46,3.05,1.9,8.5,20.6
2015-06-03,108,28.7,34.1,23.6,1004.3,59,0.51,1.9,6.7,11.1
2015-06-07,137,35.1,42.5,26.0,999.4,42,0.0,2.6,7.2,16.5
2015-06-08,136,36.3,42.9,27.7,998.7,38,0.0,2.6,6.3,22.2
2015-06-09,153,37.6,42.4,30.0,998.8,32,0.0,1.9,18.7,27.8
2015-06-13,96,31.9,41.6,28.0,998.8,52,0.0,2.3,9.4,14.8
2015-06-14,113,27.0,39.7,20.5,1000.2,82,25.91,1.9,3.9,13.0
2015-06-15,159,30.8,34.9,25.5,999.4,66,1.02,1.9,3.1,9.4
2015-06-19,163,35.9,41.6,29.0,996.7,54,0.0,1.9,8.5,18.3
2015-06-20,103,33.0,42.3,27.2,997.8,56,0.0,1.9,13.0,25.9
2015-06-21,79,30.4,34.4,25.3,997.0,70,7.11,1.9,5.6,20.6
2015-06-25,86,26.5,36.8,22.4,994.9,86,21.08,1.8,6.3,11.1
2015-06-26,131,31.5,36.8,24.0,994.7,62,0.25,1.8,11.7,22.2
2015-06-27,112,32.7,38.0,27.0,996.9,56,0.0,1.9,14.1,29.4
2015-01-01,272,14.9,21.6,8.8,1017.4,76,0,0.8,0.9,7.6
2015-01-02,293,14.7,21.6,10.2,1018.1,97,5.08,0.6,3.1,9.4
2015-01-03,173,15.0,16.8,13.6,1017.5,94,7.11,0.5,0.9,7.6
2015-01-07,249,9.8,17.6,6.4,1016.6,90,0,0.5,3.9,11.1
2015-01-08,265,10.1,14.5,7.2,1019.2,90,0,0.3,3.3,7.6
2015-01-09,306,10.5,16.3,6.8,1020.1,84,0,0.5,1.5,5.4
2015-01-13,298,12.3,18.3,4.0,1017.1,81,0,0.5,4.8,9.4
2015-01-14,276,12.1,18.3,9.0,1017.5,86,0.51,0.6,5.2,9.4
2015-01-15,253,12.3,19.0,5.8,1019.3,82,0,0.5,0.9,7.6
2015-01-19,260,13.9,21.6,9.4,1019.0,79,0,1.0,1.9,14.8
2015-01-20,259,13.4,20.7,9.8,1020.1,80,0,0.8,7.2,11.1
2015-01-21,263,13.3,17.5,9.5,1021.2,79,-,0.8,3.7,7.6
2015-01-25,181,13.1,18.3,8.5,1020.6,80,0,0.8,4.1,14.8
2015-01-26,199,13.7,18.3,11.6,1019.9,91,1.02,0.6,0.9,7.6
2015-01-27,213,13.3,18.4,9.8,1019.3,79,0.76,1.0,5.2,14.8
2015-01-31,181,13.8,21.5,7.2,1018.0,60,0,2.4,9.1,24.1
2015-02-01,264,15.1,24.0,6.7,1017.6,66,0.0,1.3,5.0,11.1
2015-02-02,244,17.3,23.8,10.4,1017.5,70,0.0,1.0,11.9,18.3
2015-02-03,212,16.7,23.8,13.0,1020.7,75,0.0,0.8,7.2,14.8
2015-02-07,207,15.7,25.6,7.4,1016.9,68,0.0,1.4,1.9,7.6
2015-02-08,197,16.7,25.6,9.3,1017.5,66,0.0,1.4,4.4,13.0
2015-02-09,179,16.9,25.5,10.5,1019.9,65,0.0,2.3,5.6,22.2
2015-02-13,197,17.2,25.5,9.3,1012.8,61,0.0,2.4,6.7,20.6
2015-02-14,185,19.3,28.6,10.6,1009.5,65,0.0,2.6,4.3,14.8
2015-02-15,221,18.9,28.6,11.2,1012.8,73,0.0,0.8,1.5,7.6
2015-02-19,228,22.9,29.3,17.0,1012.4,78,0.0,1.6,7.6,14.8
2015-02-20,200,22.8,29.3,18.0,1013.7,72,2.03,1.9,7.2,14.8
2015-02-21,179,21.9,29.1,15.2,1014.1,69,0.0,2.3,11.3,18.3
2015-02-25,210,23.2,28.6,18.4,1008.5,65,0.0,1.4,6.5,13.0
2015-02-26,176,20.0,27.6,14.5,1009.8,42,0.0,1.9,6.7,11.1
2015-02-27,158,19.2,27.6,11.1,1013.0,49,0.0,2.6,5.7,11.1
2015-03-01,174,17.3,19.0,15.2,1011.0,94,7.87,1.8,14.8,24.1
2015-03-03,131,16.1,22.1,12.8,1013.8,84,7.11,1.8,5.6,13.0
2015-03-07,132,18.6,27.3,12.5,1014.0,79,7.87,2.6,3.9,13.0
2015-03-08,122,19.4,27.6,14.0,1015.2,79,0.51,2.3,7.8,18.3
2015-03-09,107,18.1,24.1,13.3,1021.1,60,0.0,2.7,12.2,20.6
2015-03-13,186,21.3,28.3,14.2,1014.7,70,0.0,1.6,4.1,9.4
2015-03-14,169,21.6,27.3,15.8,1015.3,71,0.0,2.6,7.8,20.6
2015-03-15,91,17.7,27.3,16.0,1015.3,92,4.06,1.9,11.5,18.3
2015-03-19,135,21.1,28.3,14.0,1014.8,69,0.0,2.4,5.4,13.0
2015-03-20,160,22.5,30.2,14.5,1014.8,68,0.0,2.6,9.1,22.2
2015-03-21,166,24.9,31.7,15.8,1014.8,65,0.0,2.6,5.9,13.0
2015-03-25,164,26.8,35.1,18.5,1011.7,68,0.0,2.3,2.6,11.1
2015-03-26,179,28.6,36.5,20.3,1012.4,59,0.0,1.8,9.3,55.4
2015-03-27,141,27.7,35.6,20.4,1011.7,54,0.0,2.7,7.4,24.1
2015-03-31,79,25.1,30.8,19.0,1010.4,70,0.0,2.1,3.7,11.1
2014-12-13,295,15.8,22.3,10.4,1016.2,77,0,1,8.9,14.8
2014-12-14,185,15,20.8,13.2,1016.8,93,0,1.1,3.5,9.4
2014-12-15,160,14.2,20,10.4,1019.2,82,12.95,1.6,1.9,9.4
2014-12-19,336,11.7,17.6,7.4,1022.3,85,0,0.3,0.4,3.5
2014-12-20,342,11.3,17.5,7.2,1018.8,81,0,0.8,5.7,13
2014-12-21,254,9.5,17.5,5.6,1018.1,84,0,0.5,0.9,3.5
2014-12-25,393,9.3,16,6,1020,85,0,0.6,8.1,14.8
2014-12-26,289,10.8,17,6.3,1017.7,82,0,0.8,7.8,11.1
2014-12-27,274,10.4,19.2,4.8,1018.6,71,0,0.8,2.8,11.1
